,attachmentKey,parentKey,parentTitle,linkTitle,url
0,CT4BVGTP,XN6AMQ8K,"Spy for No Country: The Story of Ted Hall, the Teenage Atomic Spy Who May Have Saved the World","Book review by Gregg Herken, Harvey Klehr, John Earl Haynes",https://doi.org/10.1162/JCWS.a.1351
1,9AWKISK3,PMMIF6WC,The King's Spy,Book review by John F. Dooley,https://doi.org/10.1080/01611194.2026.2725249
2,29UPFTQ7,US2XM496,Covert Regime Change: America's Secret Cold War,Book review by Joseph Wippl,https://doi.org/10.1080/08850607.2026.2718811
3,JE7XXGHP,US2XM496,Covert Regime Change: America's Secret Cold War,Book review by Sean L. Cumming,https://doi.org/10.1080/02684527.2026.2722471
4,HBJ9IRA4,GFBPGL68,Operation Sparrow: The Incredible True Story of the Spies Who Tricked Hitler and Won the War,Book review by Ephraim Kahana,https://doi.org/10.1080/08850607.2026.2713939
5,ESSJRYVY,VMRCXNJF,Near and Distant Neighbours: A New History of Soviet Intelligence,Book review by Ryan Shaffer,https://doi.org/10.1080/01611194.2018.1435213
6,5AJAFQHY,VMRCXNJF,Near and Distant Neighbours: A New History of Soviet Intelligence,Book review by Neil Kent,https://www.tandfonline.com/doi/full/10.1080/14682745.2016.1186262
7,X2MCS9YK,VMRCXNJF,Near and Distant Neighbours: A New History of Soviet Intelligence,Book review by John Scarlett,https://www.tandfonline.com/doi/full/10.1080/03071847.2016.1193366
8,9DLNC9XB,VMRCXNJF,Near and Distant Neighbours: A New History of Soviet Intelligence,Book review by Sigurd Hess,https://www.tandfonline.com/doi/full/10.1080/16161262.2016.1276123
9,BT9K55JA,VMRCXNJF,Near and Distant Neighbours: A New History of Soviet Intelligence,Book review by Michael Hughes,https://www.tandfonline.com/doi/full/10.1080/02684527.2015.1116270
10,A26V2D46,MULI8W72,The official history of the Joint Intelligence Committee. Volume 1: From the approach of the Second World War to the Suez Crisis,Book review by Michael Herman,https://www.tandfonline.com/doi/full/10.1080/03071847.2015.1054742
11,56P89H25,MULI8W72,The official history of the Joint Intelligence Committee. Volume 1: From the approach of the Second World War to the Suez Crisis,Book review by Ryan Shaffer,https://www.tandfonline.com/doi/full/10.1080/16161262.2016.1258250
12,S7QQTQIJ,MULI8W72,The official history of the Joint Intelligence Committee. Volume 1: From the approach of the Second World War to the Suez Crisis,Book review by Daniel W. B. Lomas,https://www.tandfonline.com/doi/full/10.1080/16161262.2015.1032496
13,VQI2B6U3,YWFAWFB3,The information state: politics in the age of total control,Book review by Natasia Kalajdziovski,https://doi.org/10.1080/02684527.2026.2709199
14,7V5FB7CB,IJF5HN8D,Iran's Ministry of Intelligence: A Concise History,Book review by Nadav Morag,https://doi.org/10.1080/08850607.2026.2704843
15,DDUJSIT7,IJF5HN8D,Iran's Ministry of Intelligence: A Concise History,Book review by Jack Roush,https://doi.org/10.1080/02684527.2025.2556614
16,2HSGFF9T,9IXLSVS6,The Great Heist: China’s Epic Campaign to Steal America’s Secrets,Book review by Patrick O'Toole,https://doi.org/10.1080/02684527.2026.2705632
17,6MSVTJNY,9FJT9JML,Fallout: Exposing an Atomic Spy,Book review by Melinda H. Haas,https://doi.org/10.1080/08850607.2026.2689332
18,667875JZ,VSGBHM3Q,The CIA Book Club: The Best-Kept Secret of the Cold War,Book review by Anatol Shmelev,https://doi.org/10.1080/15228886.2026.2701649
19,QIJXLJYQ,VSGBHM3Q,The CIA Book Club: The Best-Kept Secret of the Cold War,Book review by Henry T. Edmondson,https://doi.org/10.1162/JCWS.r.1335
20,AL4JWK55,MREAJIZR,Think Like a Spy: master the art of influence and build life-changing alliances,Book review by Shelby Pearson,https://doi.org/10.1080/02684527.2026.2698892
21,MTF7U4KM,3WWXA7BL,Fallout: Exposing an Atomic Spy,Book review by Melinda H. Haas,https://doi.org/10.1080/08850607.2026.2689332
22,8G4YN9EG,5IDAJ4P8,Contesting France: Intelligence and US Foreign Policy in the Early Cold War,Book review by Talbot Imlay,https://www.tandfonline.com/doi/full/10.1080/02684527.2024.2311459?af=R
23,I8FI4DJD,5IDAJ4P8,Contesting France: Intelligence and US Foreign Policy in the Early Cold War,Book review by Roberto Santos,https://www.jstor.org/stable/27371086
24,QNTUDJEM,5IDAJ4P8,Contesting France: Intelligence and US Foreign Policy in the Early Cold War,Book review by Tijana Bauer,https://doi.org/10.1080/02684527.2026.2692783
25,PGEYLY8T,SLNFMQ6F,Vatican spies: from the Second World War to Pope Francis,Book review by Peter Casey,https://doi.org/10.1080/02684527.2026.2692801
26,ZSESCLRG,RDDUU2W8,British ‘Spy Fever’ in the First World War: Fearing the Enemy Within,Book review by Robert St John Smith,https://doi.org/10.1177/09683445261464541
27,G9IL6RTY,H92PJ26T,Unveiling the Art and Science of Virtual HUMINT: A Methodological Proposal for Handling HUMINT Sources Online,Book review by Chris Proops,https://doi.org/10.1080/02684527.2026.2692846
28,6PEL53AK,IFDB28KZ,The Cambridge Spy Ring: The Treachery of the Five Who Got Away,Book review by Thomas Glade,https://doi.org/10.1080/08850607.2026.2689324
29,9KPPBETL,IFDB28KZ,The Cambridge Spy Ring: The Treachery of the Five Who Got Away,Book review by Ian B. Ericson,https://www.cia.gov/resources/csi/studies-in-intelligence/studies-in-intelligence-vol-70-no-2-extracts-june-2026/review-the-cambridge-five/
30,IL4MALSF,4KNMJB6C,"Iraqi Ba‘thists in America’s Cold War: Covert Action, Paramilitarism and Violence",Book review by Yasir Kuoti,https://doi.org/10.1080/18335330.2026.2670301
32,IV6ENTTS,TINI8G9Z,Misread Signals: How History Overlooked Women Codebreakers,Book review by Chris Christensen,https://doi.org/10.1080/01611194.2026.2668389
33,ZFATMKA6,2KVYKVWE,Fakers: A Top-Secret Tale of Phantoms and Forgeries on the Disinformation Front Line,Book review by Debora Daly,https://doi.org/10.1080/02684527.2026.2692790
34,WE9Y6UYB,4LFTBGXK,"Iraqi Ba‘thists in America’s Cold War: Covert Action, Paramilitarism and Violence",Book review by Yasir Kuoti,https://doi.org/10.1080/18335330.2026.2670301
35,AFP8IZP6,6IMQ9ZGP,SECRET MESSENGERS: Disseminating SIGINT in the Second World War: The Story of the British SLUs and American SSOs,Book review by Chris Christensen,https://doi.org/10.1080/01611194.2026.2656863
36,NFKRZG78,XB8JDSZF,Israeli Defense and Intelligence Before and After October 2023: The Cultural Roots of Strategic Surprise and Resilience,Book review by David Rodman,https://doi.org/10.1080/13537121.2026.2710441
37,XV8QKVCC,6UINGTLH,"Spies, Culture, and Society: Coming in from the Cold",Book review by Angeliki Martinou,https://doi.org/10.1080/02684527.2026.2719083
38,EW2I75QS,6UINGTLH,"Spies, Culture, and Society: Coming in from the Cold",Book review by Matthew Redhead,https://doi.org/10.1080/18335330.2026.2698574
39,Y49N9IFB,46FYC7BT,"The Sword of Freedom: Israel, Mossad, and the Secret War",Book review by Punsara Amarasinghe,https://doi.org/10.1080/08850607.2026.2655027
41,WZGJPX8G,M3BQSRMI,"Spying on Muslims in Colonial Mozambique, 1964-74",Book review by Mark Lawrence,https://cadernosarquivo.cm-lisboa.pt/index.php/am/article/view/472/364
42,694UTPQS,HYBWSE3D,The Fourth Intelligence Revolution: The Future of Espionage and the Battle to Save America,Book review by Chris Northcott,https://doi.org/10.1080/02684527.2026.2650575
43,XKFK3F8X,B87DECK6,"Superspy: Hans Tofte, Intelligence Officer for SOE, OSS, and CIA",Book review by Sean Scanlon,https://doi.org/10.1080/02684527.2026.2692795
44,QX3Y9RXW,B87DECK6,"Superspy: Hans Tofte, Intelligence Officer for SOE, OSS, and CIA",Book review by Anya Karumanchi,https://doi.org/10.1080/08850607.2026.2637098
45,GJ6J4TGK,CVUM7TAX,"Spying in South Asia: Britain, the United States, and India's Secret Cold War",Book review by Dheeraj Paramesha Chaya,https://www.tandfonline.com/doi/full/10.1080/09592296.2026.2616908
46,R67RHXX3,CVUM7TAX,"Spying in South Asia: Britain, the United States, and India's Secret Cold War",Book review by Mao Lin,https://journals.upress.ufl.edu/JGSS/article/view/3328
47,2VJS5FGH,CVUM7TAX,"Spying in South Asia: Britain, the United States, and India's Secret Cold War",Book review by Pratyaksh Sharma,https://doi.org/10.1080/18335330.2025.2578759
48,D5GBEEE2,CVUM7TAX,"Spying in South Asia: Britain, the United States, and India's Secret Cold War",Book review by Sumit Ganguly,https://doi.org/10.1162/jcws_r_01270
49,QEQ7Z6AK,CVUM7TAX,"Spying in South Asia: Britain, the United States, and India's Secret Cold War",Book review by Dan Lomas,https://doi.org/10.1093/ia/iiaf083
50,Q399NRL8,CVUM7TAX,"Spying in South Asia: Britain, the United States, and India's Secret Cold War",Book review by Charles Heard,https://www.cia.gov/resources/csi/static/b300feabd0c8a87f08da9f555a24a6fd/Review-Spying-in-South-Asia-March-2025.pdf
51,RPICIUB5,CVUM7TAX,"Spying in South Asia: Britain, the United States, and India's Secret Cold War",Book review by Ryan Shaffer,https://doi.org/10.1080/02684527.2025.2456350
52,6TT9PL9B,CVUM7TAX,"Spying in South Asia: Britain, the United States, and India's Secret Cold War",Book review by Ian Hall,https://doi.org/10.1080/00220388.2024.2437234
53,F9IURWTG,CVUM7TAX,"Spying in South Asia: Britain, the United States, and India's Secret Cold War",Book review by Tim Willasey-Wilsey,https://www.thecipherbrief.com/book-review/a-superb-look-at-spying-on-the-subcontinent
54,KNFNH8JK,FFSCJYFH,"Family of Spies: A World War II Story of Nazi Espionage, Betrayal, and the Secret History Behind Pearl Harbor",Book review by John Ehrman,https://www.cia.gov/resources/csi/studies-in-intelligence/studies-in-intelligence-vol-70-no-1-extracts-march-2026/review-family-of-spies/
55,IZS54P35,PGE7NL4X,"Tradecraft, Tactics, and Dirty Tricks: Russian Intelligence and Putin's Secret War",Book review by Sean L. Cumming,https://doi.org/10.1080/02684527.2026.2722471
56,W5A4GH9R,PGE7NL4X,"Tradecraft, Tactics, and Dirty Tricks: Russian Intelligence and Putin's Secret War",Book review by Thomas W. Spahr,https://press.armywarcollege.edu/cgi/viewcontent.cgi?article=1146&context=parameters_bookshelf
57,BFWYHN2A,HXEI5VX7,Operation Wrath of God: The Secret History of European Intelligence and Mossad's Assassination Campaign,Book review by James D. Kiras,https://doi.org/10.1080/18335330.2026.2682921
58,YBESNCI3,HXEI5VX7,Operation Wrath of God: The Secret History of European Intelligence and Mossad's Assassination Campaign,Book review by John Ehrman,https://www.cia.gov/resources/csi/studies-in-intelligence/studies-in-intelligence-vol-70-no-1-extracts-march-2026/review-operation-wrath-of-god/
59,BFMXCV4K,HXEI5VX7,Operation Wrath of God: The Secret History of European Intelligence and Mossad's Assassination Campaign,Book review by Saoud Al-Eshaq,https://doi.org/10.1080/08850607.2025.2599996
60,2P34GMMC,RJYHQF9K,China's Spies: Beijing’s Espionage Offensive,Book review by James Lockhart,https://doi.org/10.1093/ia/iiag012
61,XJVXSWZE,2ERIFS78,At Sea Against the Soviet Fleet: The Evolution of U.S. Navy Operational Intelligence in the Cold War,Book review by David F. Winkler,https://digital-commons.usnwc.edu/cgi/viewcontent.cgi?article=8501&context=nwc-review
62,T6UWMZH4,7R8KATC9,"The Achilles Trap: Saddam Hussein, the CIA, and the Origins of America’s Invasion of Iraq",Book review by Kanak Katariya,https://doi.org/10.1177/23477989261422927
63,QCIGVNYU,2G8EMKT5,The Arab Bureau: The Story of Britain’s Most Ingenious Intelligence Unit,Book review by Ryan Shaffer,https://doi.org/10.1080/19475020.2026.2687918
64,YIJNRGM5,2G8EMKT5,The Arab Bureau: The Story of Britain’s Most Ingenious Intelligence Unit,Book review by Martin Plaut,https://doi.org/10.1080/00358533.2026.2631746
65,U6DXYM3D,YDGQUUVZ,The DGSE: A Concise History of France's Foreign Intelligence Service,Book review by Katherine Tucker,https://doi.org/10.1080/02684527.2026.2722473
66,LDE5H7X5,C8FQPVW8,"Uncertain Threats: The FBI, the New Left, and Cold War Intelligence",Book review by Wenzhou Shu,https://doi.org/10.1080/08850607.2026.2673372
67,LJ7I284R,C8FQPVW8,"Uncertain Threats: The FBI, the New Left, and Cold War Intelligence",Book review by Gregory Moore,https://doi.org/10.1080/08850607.2026.2637117
68,2ERQZ85R,C8FQPVW8,"Uncertain Threats: The FBI, the New Left, and Cold War Intelligence",Book review by Rhodri Jeffreys-Jones,https://doi.org/10.1080/02684527.2026.2614830
69,SNZKCULE,QPUYASZI,"Treason, Terrorism, and Betrayal: Why Individuals Cross the Line",Book review by Mark M. Lowenthal,https://doi.org/10.1080/08850607.2025.2608561
70,URZ67YFR,ELNFJHUV,A Short Introduction to Geospatial Intelligence,Book review by Elie L. Castanie,https://doi.org/10.1080/08850607.2025.2598853
71,5FS58ZTF,IYXPQVM5,The Defector: The untold story of the KGB agent who saved MI5 and changed the Cold War,Book review by Mel Miller,https://www.cia.gov/resources/csi/studies-in-intelligence/studies-in-intelligence-vol-70-no-2-extracts-june-2026/review-the-defector/
72,7Q8P2Y7D,IYXPQVM5,The Defector: The untold story of the KGB agent who saved MI5 and changed the Cold War,Book review by Tim Willasey-Wilsey,https://www.thecipherbrief.com/the-spy-who-came-in-because-he-wanted-a-divorce
73,VIIJSXKH,ARYUNPU4,Code Name Blue Wren: The True Story of America's Most Dangerous Female Spy,Book review by Christopher E. Bailey,https://www.jstor.org/stable/27371085
74,W7Q63QDJ,WFSW2TRY,Statecraft by Stealth: Secret Intelligence and British Rule in Palestine,Book review by Simon Davis,https://www.jstor.org/stable/27350764
75,UICRC6R9,VEKNHW6Y,Propaganda Girls: The Secret War of the Women in the OSS,Book review by Lauren Akgerman,https://doi.org/10.1080/08850607.2025.2597437
76,MBAR8K6B,AZ83AP9H,The Woman Who Fought an Empire: Sarah Aaronsohn and Her Nili Spy Ring,Book review by Yuliya Shokh,https://doi.org/10.1080/08850607.2025.2596580
77,NWCMJ7R8,AZ83AP9H,The Woman Who Fought an Empire: Sarah Aaronsohn and Her Nili Spy Ring,Book review by Zane Nagel,https://doi.org/10.1080/08850607.2025.2598850
78,GQPLJK7Q,XJ5P49T2,The Spy Who Helped the Soviets Win Stalingrad and Kursk,Book review by Yuliya Shokh,https://doi.org/10.1080/08850607.2025.2597441
79,KNIN4WK8,XJ5P49T2,The Spy Who Helped the Soviets Win Stalingrad and Kursk,Book review by Robert W. Pringle,https://doi.org/10.1080/08850607.2025.2597433
80,P6WZZ3JJ,UWK47DDF,"The Scientist Turned Spy: André Michaux, Thomas Jefferson, and the Conspiracy of 1793",Book review by Andrew M. Wehrman,https://doi.org/10.1093/jahist/jaag016
81,V6G7P32B,UWK47DDF,"The Scientist Turned Spy: André Michaux, Thomas Jefferson, and the Conspiracy of 1793",Book review by Ann Fabian,https://doi.org/10.1353/wmq.2025.a973906
82,9PPUVM2J,UWK47DDF,"The Scientist Turned Spy: André Michaux, Thomas Jefferson, and the Conspiracy of 1793",Book review by Sean P. Harvey,https://doi.org/10.1353/jer.2025.a969339
83,DS73UGWC,A3EJ6QXE,The White Lady: The Story of Two Key British Secret Service Networks Behind German Lines,Book review by Tim Willasey-Wilsey,https://www.thecipherbrief.com/mi6-s-secret-weapon-the-belgian-networks-that-helped-win-two-world-wars
84,F49HVJM2,A3EJ6QXE,The White Lady: The Story of Two Key British Secret Service Networks Behind German Lines,Book review by John Raine,https://engelsbergideas.com/reviews/secret-networks-behind-enemy-lines/
85,XZ8V2PXP,VRRAVR3B,The Spy and the Devil: The untold story of the MI6 agent who penetrated Hitler’s inner circle,Book review by Michael Clarke,https://www.tandfonline.com/doi/full/10.1080/03071847.2026.2627136
86,VICBIBLQ,VRRAVR3B,The Spy and the Devil: The untold story of the MI6 agent who penetrated Hitler’s inner circle,Book review by Andrew Boyd,https://kcsi.uk/kcsi-insights/book-review-the-spy-and-the-devil-tim-willasey-wilsey
87,3M3S4NUI,4BH45YHM,The Special Operations Executive in Malaya: World War II and the Path to Independence,Book review by Augustine Meaher,https://doi.org/10.1080/03086534.2025.2560561
88,RIUKTXRG,EVPD2YPR,The Spy in the Museum: How Rose Valland Saved Art from the Nazis,Book review by Adam McConville,https://doi.org/10.1353/bcc.2025.a969960
89,PXFD92MI,IW8TQ955,A faithful spy: the life and times of an MI6 and MI5 officer,Book review by Kurt F. Jensen,https://doi.org/10.1080/02684527.2025.2557731
90,B2MRV5W9,9L4W3GF4,"Women Under Suspicion: Fraternization, Espionage, and Punishment in the Soviet Union During World War II",Book review by George Gömöri,https://muse.jhu.edu/article/969026
91,LBPK2I5Z,YCR8SG5E,Japanese Spy Gear & Special Weapons: How Noborito's Scientists and Technicians Served in the Second World War and the Cold War,Book review by Richard J. Samuels,https://doi.org/10.1080/02684527.2025.2568809
92,JL54LT39,6TLC8VXI,"Britain and the Dhofar War in Oman, 1963–1976: A Covert War in Arabia",Book review by Ian F. W. Backett,https://doi.org/10.1080/09592318.2025.2547055
93,YHVJQTMD,I29B5XFM,AI and Early Warning Systems: Technology Innovation for National Security,Book review by Avner Barnea,https://doi.org/10.1080/08850607.2025.2515551
94,LYLPPKUC,I29B5XFM,AI and Early Warning Systems: Technology Innovation for National Security,Book review by Joel Brenner,https://doi.org/10.1080/08850607.2025.2527551
95,39ZJNW82,DY3BN8J2,The Triumph of Fear: Domestic Surveillance and Political Repression from McKinley to Eisenhower,Book review by Rhodri Jeffreys-Jones,https://doi.org/10.1080/02684527.2025.2544103
96,765A2Y23,5A86SRG3,The CIA Book Club: The Best Kept Secret of the Cold War,Book review by Ian McCallum,https://doi.org/10.1080/24750158.2025.2534217
97,L64KQLTR,46AB2GYJ,Defining the Mission: The Development of US Strategic Military Intelligence up to the Cold War,Book review by Thomas W. Spahr,https://press.armywarcollege.edu/parameters_bookshelf/105/
98,59EJA5MV,46AB2GYJ,Defining the Mission: The Development of US Strategic Military Intelligence up to the Cold War,Book review by Michael J. Ard,https://doi.org/10.1080/08850607.2025.2597435
99,7SN6SX3I,DMFZG2EI,The Intelligence Intellectuals: Social Scientists and the Making of the CIA,Book review by Frank Plantan,https://doi.org/10.1080/03612759.2026.2712755
100,6UDQP95R,DMFZG2EI,The Intelligence Intellectuals: Social Scientists and the Making of the CIA,Book review by Sonja Belkin,https://doi.org/10.1080/02684527.2026.2710545
101,STIL57N3,DMFZG2EI,The Intelligence Intellectuals: Social Scientists and the Making of the CIA,Book review by Cynthia Wang,https://doi.org/10.1080/18335330.2026.2690660
102,XN7AEYLE,DMFZG2EI,The Intelligence Intellectuals: Social Scientists and the Making of the CIA,Book review by Michael J. Ard,https://www.cia.gov/resources/csi/studies-in-intelligence/studies-in-intelligence-vol-70-no-2-extracts-june-2026/review-the-intelligence-intellectuals/
103,XUFTGUTY,DMFZG2EI,The Intelligence Intellectuals: Social Scientists and the Making of the CIA,Book review by Paul McGarr,https://doi.org/10.1080/01402390.2026.2668456
104,89WD4B25,DMFZG2EI,The Intelligence Intellectuals: Social Scientists and the Making of the CIA,Book review by Joel Brenner,https://www.tandfonline.com/doi/full/10.1080/08850607.2026.2637112
105,P9H4ELT5,DMFZG2EI,The Intelligence Intellectuals: Social Scientists and the Making of the CIA,Book review by Monica Robbins,https://www.tandfonline.com/doi/full/10.1080/18335330.2026.2631436
106,ZB2QX8LD,Y6KSVJ58,"First Class Comrades: The Stasi in the Cold War, 1945-1961",Book review by Carolyn Halladay,https://doi.org/10.1080/08850607.2025.2525738
107,Z562HQUG,3LNCF3VE,The Next War: Indications Intelligence in the Early Cold War,Book review by William Phillips,https://press.armywarcollege.edu/parameters_bookshelf/174/
108,BIL7KRIB,3LNCF3VE,The Next War: Indications Intelligence in the Early Cold War,Book review by Adam Coombs,https://scholars.wlu.ca/cgi/viewcontent.cgi?article=2331&context=cmh
109,ZX7Q33DS,3LNCF3VE,The Next War: Indications Intelligence in the Early Cold War,Book review by Matthew Redhead,https://doi.org/10.1080/18335330.2026.2649311
110,X4YNI82E,Q2EE3KRI,Secrets on Display: Stories and Spycraft from the International Spy Museum,Book review by Rob Finnigan,https://doi.org/10.1080/02684527.2026.2614832
111,NQH3B3NT,Q2EE3KRI,Secrets on Display: Stories and Spycraft from the International Spy Museum,Book review by Michele Ruth,https://doi.org/10.1080/08850607.2025.2598847
112,SRGTUYXH,Z5YMYN22,Time and Narrative in Intelligence Analysis: A New Framework for the Production of Meaning,Book review by Elden Morrow,https://doi.org/10.1080/02684527.2026.2692799
113,L9U9KELU,Z5YMYN22,Time and Narrative in Intelligence Analysis: A New Framework for the Production of Meaning,Book review by Suharti,https://doi.org/10.1080/08850607.2026.2637108
114,Y5NYIATQ,VR3H48JB,The Determined Spy by Douglas Waller: The Turbulent Life and Times of CIA Pioneer Frank Wisner,Book review by Anton Fedyashin,https://doi.org/10.1080/02684527.2025.2593167
115,QKMN5QY6,VR3H48JB,The Determined Spy by Douglas Waller: The Turbulent Life and Times of CIA Pioneer Frank Wisner,Book review by Sarah-Jane Corke,https://doi.org/10.1080/08850607.2025.2553086
116,IC9FZQZK,VR3H48JB,The Determined Spy by Douglas Waller: The Turbulent Life and Times of CIA Pioneer Frank Wisner,Book review by JR Seeger and Ian B. Ericson,https://www.cia.gov/resources/csi/studies-in-intelligence/studies-in-intelligence-69-no-2-extracts-june-2025/review-the-determined-spy-the-turbulent-life-and-times-of-cia-pioneer-frank-wisner/
117,9NPTLTLY,I8NR49EG,"Iran’s Shadow Weapons: Covert Action, Intelligence Operations and Unconventional Warfare",Book review by Saoud Al-Eshaq,https://doi.org/10.1080/02684527.2026.2692781
118,ANHYCXAY,E63UCHLH,Terrorist Informers in Northern Ireland,Book review by Thomas R. Mockaitis,https://doi.org/10.1080/09592318.2025.2517126
119,E572Y3QA,9D8I8JEZ,Caught in the Crossfire: The Inside Story of Pakistan’s Secret Services,Book review by Carl A. Wege,https://doi.org/10.1080/08850607.2025.2478911
120,JUH3VNM6,SGRCMYTR,Killing in the Name of the State: State-Sponsored Assassination in International Politics,Book review by Dafydd Townley,https://doi.org/10.1080/02684527.2026.2707843
121,8L68N3FK,STPG9SRI,Ian Fleming: The Complete Man,Book review by Anton Fedyashin,https://doi.org/10.1080/02684527.2025.2508075
122,WURLK9GH,8U236AFV,The Spy in the Archive: How one man tried to kill the KGB,Book review by Angelica Krystel von Kumberg,https://doi.org/10.1080/02684527.2026.2709206
123,Z2PPQ2K2,85ZT5Y2L,"Cracking the Crab: Russian Espionage Against Japan, from Peter the Great to Richard Sorge",Book review by Jamie Bryson,https://doi.org/10.1080/02684527.2026.2692794
124,DLW9S9TI,85ZT5Y2L,"Cracking the Crab: Russian Espionage Against Japan, from Peter the Great to Richard Sorge",Book review by Kevin Riehle,https://doi.org/10.1111/russ.70163
125,Z9FUXIBE,85ZT5Y2L,"Cracking the Crab: Russian Espionage Against Japan, from Peter the Great to Richard Sorge",Book review by Tsuyoshi Hasegawa,https://www.tandfonline.com/doi/full/10.1080/0030851X.2026.2627806
127,3EQAC3CS,2WGB4Y9H,The Oversight of Outsourcing US Intelligence After 9/11: Private Intelligence Contractors,Book review by Elena Martynova,"https://securityanddefence.pl/Book-Review-Bulent-Sungur-2025-The-Oversight-of-Outsourcing-US-Intelligence-after,211944,0,2.html"
128,WXJEQ6SR,2WGB4Y9H,The Oversight of Outsourcing US Intelligence After 9/11: Private Intelligence Contractors,Book review by Kai Chen,https://doi.org/10.1093/ia/iiaf198
129,B53UZECT,8MV4U8Z8,Covert Action: National Approaches to Unacknowledged Intervention,Book review by Aaron Paine,https://www.thecipherbrief.com/behind-the-mask-the-politics-of-hidden-intervention
130,FNTNTJDQ,2MULP4YW,The Spy and the State: The History of American Intelligence Get access Arrow,Book review by Ronan P. Mainprize,https://doi.org/10.1080/18335330.2026.2641123
131,BUWHZF8A,2MULP4YW,The Spy and the State: The History of American Intelligence Get access Arrow,Book review by Thomas W. Spahr,https://press.armywarcollege.edu/cgi/viewcontent.cgi?article=1141&context=parameters_bookshelf
132,ME93MKUY,2MULP4YW,The Spy and the State: The History of American Intelligence Get access Arrow,Book review by Ante Batistic,https://doi.org/10.1080/08850607.2025.2553098
133,MU7NGMVK,RFZQFTFR,Sexuality and Gender in Fictions of Espionage: Spying Undercover(s),Book review by Mark D. Kaufman,https://www.degruyterbrill.com/document/doi/10.1515/ang-2025-0018/html
134,GDKRC697,RRJCMXPJ,"Homeland Security Intelligence: Where We Are, How We Got Here, What Lies Ahead",Book review by William C. Spracher,https://doi.org/10.1080/08850607.2025.2598842
135,IRYYTE4M,FJDASMVY,Vigilance Is Not Enough: A History of United States Intelligence,Book review by Dan Lomas,https://doi.org/10.1093/ia/iiaf238
136,7QKX8IUI,FJDASMVY,Vigilance Is Not Enough: A History of United States Intelligence,Book review by Gregory Moore,https://doi.org/10.1080/08850607.2025.2597434
137,KM74EDZL,MYUAXJKE,"Spying on Students: The FBI, Red Squads, and Student Activists in the 1960s South",Book review by Michael T. Bertrand,https://doi.org/10.1093/ahr/rhaf453
138,B5Q7ZI9B,MYUAXJKE,"Spying on Students: The FBI, Red Squads, and Student Activists in the 1960s South",Book review by Christopher Getowicz,https://www.cambridge.org/core/journals/history-of-education-quarterly/article/abs/gregg-l-michel-spying-on-students-the-fbi-red-squads-and-student-activists-in-the-1960s-south-baton-rouge-louisiana-state-university-press-2024-296-pp/F3CE5142F492A00BEFB176F44DD8C119
139,8T4Y5J6V,WBTHTIWK,BRIXMIS and the Secret Cold War,Book review by Graham Alexander,https://www.cia.gov/resources/csi/studies-in-intelligence/studies-in-intelligence-vol-70-no-1-extracts-march-2026/review-brixmis-and-the-secret-cold-war/
140,JL7MWKP9,WBTHTIWK,BRIXMIS and the Secret Cold War,Book review by Joseph W. Wippl,https://doi.org/10.1080/08850607.2025.2459572
141,KRZXJCRN,45HNT6UC,Counterintelligence at Its Core: Assessing and Preventing Foreign Espionage,Book review by Michael W. Parrott,https://doi.org/10.5038/1944.0472.19.3.2913
142,NMRKKBXX,45HNT6UC,Counterintelligence at Its Core: Assessing and Preventing Foreign Espionage,Book review by Chris Northcott,https://doi.org/10.1080/02684527.2026.2689284
143,DC4IIEQI,45HNT6UC,Counterintelligence at Its Core: Assessing and Preventing Foreign Espionage,Book review by Daniel P. Altman,https://doi.org/10.1080/08850607.2025.2598843
144,3755S75V,45HNT6UC,Counterintelligence at Its Core: Assessing and Preventing Foreign Espionage,Book review by Issiah B. Burckhardt,https://doi.org/10.1080/18335330.2025.2602431
145,ESTWWWSF,Q4WMQIBE,Lifting the Fog: The Secret History of the Dutch Defense Intelligence and Security Service (1912-2022),Book review by Peter C. Oleson,https://doi.org/10.1080/08850607.2025.2459013
146,TLG6DR67,ADCT9TGJ,Counterfeit Spies: How World War II Intelligence Operations Shaped Cold War Spy Fiction,Book review by Filip Kovacevic,https://doi.org/10.1080/08850607.2024.2448456
147,FAB43TAS,J58Q6MWH,Postal Intelligence: The Tassis Family and Communications Revolution in Early Modern Europe,Book review by Christian T. Callisen,https://doi.org/10.1080/0268117X.2025.2494420
148,L9M65NNF,6997ERVM,Reinhard Gehlen: Hitler’s Spymaster: From the Eastern Front in WW2 to Cold War CIA Asset,Book review by Carl A. Wege,https://doi.org/10.1080/08850607.2025.2597440
149,HACSCDSH,6997ERVM,Reinhard Gehlen: Hitler’s Spymaster: From the Eastern Front in WW2 to Cold War CIA Asset,Book review by Zachary Selden,https://doi.org/10.1080/08850607.2025.2597436
150,ECYRCW3Z,6997ERVM,Reinhard Gehlen: Hitler’s Spymaster: From the Eastern Front in WW2 to Cold War CIA Asset,Book review by Romedio G. Thun,https://doi.org/10.1080/13518046.2025.2585690
151,BDRLMUPH,7CHUQ7WL,"No Cloak, No Dagger: A Professor's Secret Life Inside the CIA",Book review by Kurt F. Jensen,https://doi.org/10.1080/02684527.2025.2557735
152,ES524CGJ,7CHUQ7WL,"No Cloak, No Dagger: A Professor's Secret Life Inside the CIA",Book review by JD Work,https://doi.org/10.1080/08850607.2024.2440289
153,4UYRCSCK,F687UQXE,Intelligence Services in South Asia: Colonial Past and Post-Colonial Realities,Book review by Jokin de Carlos Sola,https://doi.org/10.1080/02684527.2026.2719081
154,RMSN95K7,F687UQXE,Intelligence Services in South Asia: Colonial Past and Post-Colonial Realities,Book review by Punsara Amarasinghe,https://doi.org/10.1080/08850607.2025.2598844
155,23HHU6U7,F687UQXE,Intelligence Services in South Asia: Colonial Past and Post-Colonial Realities,Book review by Owen Sirrs,https://doi.org/10.1080/14781158.2025.2545898
156,GXNSJT2E,PCWTDYCD,Red List: MI5 and British Intellectuals in the Twentieth Century,Book review by R. J. W. Mills,https://doi.org/10.1080/01916599.2024.2446211
157,A9DB63B5,BDV8J5FG,Josephine Baker's Secret War: The African American Star Who Fought For France And Freedom,Book review by Carlotta Poensgen,https://doi.org/10.1080/08850607.2025.2598852
158,9NA9H6BN,7Y7IFI25,Contemporary Intelligence Warning Cases: Learning from Successes and Failures,Book review by Robert J. Hanyok,https://doi.org/10.1080/18335330.2026.2725935
159,FF49PLEY,7Y7IFI25,Contemporary Intelligence Warning Cases: Learning from Successes and Failures,Book review by Jonathan Proctor,https://www.cia.gov/resources/csi/studies-in-intelligence/studies-in-intelligence-69-no-2-extracts-june-2025/review-contemporary-intelligence-warning-cases-learning-from-successes-and-failures/
160,M4DSVJ58,7Y7IFI25,Contemporary Intelligence Warning Cases: Learning from Successes and Failures,Book review by J. Paul Pope,https://doi.org/10.1080/08850607.2025.2488248
162,PDFWV8FL,SGM4P5TI,"British Intelligence and the Fenians, 1855–1880",Book review by Brian Griffin,https://doi.org/10.1080/09670882.2025.2494327
163,KR3B3R2Q,WL9T72DJ,The Hamas Intelligence War against Israel,Book review by Ryan Shaffer,https://doi.org/10.1080/16161262.2025.2546744
164,BU2DHDGL,WL9T72DJ,The Hamas Intelligence War against Israel,Book review by Avner Barnea,https://doi.org/10.1080/08850607.2025.2477436
165,CT8GMYPA,WL9T72DJ,The Hamas Intelligence War against Israel,Book review by Robert Dover,https://doi.org/10.1080/03068374.2025.2499148
166,XTM5M2M2,5B5GPJAA,"Geheimnis und Sicherheit: Der Aufstieg militärischer Nachrichtendienste in Deutschland, Frankreich und Großbritannien 1871–1914 [Secrecy and security: The rise of military intelligence services in Germany, France and Great Britain 1871-1914]",Book review by Adrian E. Wettstein,https://doi.org/10.1080/19475020.2024.2429882
168,UBXQVKZT,L929LYCE,Pakistan's ISI: A Concise History of the Inter-Services Intelligence Directorate,Book review by Carl Wege,https://doi.org/10.1080/08850607.2024.2416884
169,RRN8KT5E,KECUINDP,Agent Link: The Spy Erased from History,Book review by John Prout,https://doi.org/10.1080/08850607.2024.2414464
170,U7TRLL95,8U3JRTLK,Zhou Enlai: A Life,Book review by Matthew J.,https://www.cia.gov/resources/csi/studies-in-intelligence/studies-in-intelligence-68-no-3-excerpts-september-2024/zhou-enlai-a-life/
171,2QPH6Q7X,XY7MT8Q2,"The Achilles Trap: Saddam Hussein, the United States and the Middle East, 1979-2003",Book review by Brent Geary,https://www.cia.gov/resources/csi/studies-in-intelligence/studies-in-intelligence-68-no-3-excerpts-september-2024/the-achilles-trap-saddam-hussein-the-cia-and-the-origins-of-americas-invasion-of-iraq/
172,P45QYUFR,6YY9VKYC,"The Last Honest Man:The CIA, the FBI, the Mafia, and the Kennedys—and One Senator's Fight to Save Democracy",Book review by Charles C. Johnson,https://doi.org/10.1080/02684527.2025.2565941
173,CBHXT3U7,6YY9VKYC,"The Last Honest Man:The CIA, the FBI, the Mafia, and the Kennedys—and One Senator's Fight to Save Democracy",Book review by David Robarge,https://www.cia.gov/resources/csi/studies-in-intelligence/studies-in-intelligence-68-no-3-excerpts-september-2024/the-last-honest-man-the-cia-the-fbi-the-mafia-and-the-kennedys-and-one-senators-fight-to-save-democracy/
174,CXNA687G,ZBGFZWX6,"Spymaster: The Memoirs of Gordon M. Stewart, CIA Station Chief in Cold War Germany",Book review by Mark Stout,https://doi.org/10.1080/02684527.2025.2565942
175,BAT8ZE73,85AHVDSJ,Ethical Espionage: Ethics and the Intelligence Cycle,Book review by Valentin Stoian,https://doi.org/10.1080/18335330.2025.2602442
176,R53DTQ7J,85AHVDSJ,Ethical Espionage: Ethics and the Intelligence Cycle,Book review by Christopher E. Bailey,https://doi.org/10.1080/08850607.2025.2598621
177,BS5ZHGEK,85AHVDSJ,Ethical Espionage: Ethics and the Intelligence Cycle,Book review by Kurt F. Jensen,https://doi.org/10.1080/02684527.2025.2466268
178,TKUK2QLJ,22BQMLTZ,Beyond States and Spies: The Security Intelligence Services of the Private Sector,Book review by Jyrki Helminen,https://doi.org/10.1080/02684527.2026.2723647
179,4N5YTCDM,UTIMAFR8,The Secret History of UK Vetting from 1909 to the Present,Book review by Katherina Gonzales,https://www.cia.gov/resources/csi/studies-in-intelligence/studies-in-intelligence-vol-70-no-2-extracts-june-2026/review-the-secret-history-of-uk-security-vetting/
180,AS2GUXLJ,KWL3YM2E,James Bond's Socialist Rivals: Television Spy Heroes and Popular Culture in the Cold War East,Book review by Martin D. Brown,https://doi.org/10.1093/ehr/ceaf228
181,XJH82ZJH,IFK9Y2QW,State Sponsored Cyber Surveillance: The Right to Privacy of Communications and International Law,Book review by Asaf Lubin,https://doi.org/10.1017/S0020589324000228
182,6VXKUPIG,D83W4P9G,Roots of Counterterrorism: Contemporary Wisdom from Dutch Intelligence,Book review by Serena S. Said,https://doi.org/10.1080/18335330.2026.2657369
183,FXHRC7QQ,BZRWDMCP,The CIA Intelligence Analyst: Views from the Inside,Book review by James J. Wirtz,https://doi.org/10.1080/08850607.2025.2499430
184,YD43IVYE,BZRWDMCP,The CIA Intelligence Analyst: Views from the Inside,Book review by Jeff Rogg,https://doi.org/10.1080/18335330.2025.2486658
185,YTL54CIM,IHN7PXB7,"Intelligence, Security and the State: Reviewing the British Intelligence Community",Book review by Fraser McGowan,https://doi.org/10.1080/18335330.2025.2531407
186,PZVTZ2JM,TIV9JADU,Counter-Intelligence: What the Secret World Can Teach Us About Problem-solving and Creativity,Book review by John Ehrman,https://www.cia.gov/resources/csi/studies-in-intelligence/studies-in-intelligence-68-no-3-excerpts-september-2024/review-essay-what-two-books-can-tell-us-about-managing-intelligence-services/
187,C88MUCZA,TIV9JADU,Counter-Intelligence: What the Secret World Can Teach Us About Problem-solving and Creativity,Book review by Daniel W. B. Lomas,https://www.tandfonline.com/doi/full/10.1080/03071847.2024.2406619
188,5RH78FCB,QSGA9YLB,Indochina Hand: Tales of a CIA Case Officer,Book review by James J. Wirtz,https://doi.org/10.1080/08850607.2024.2378741
189,ZZC9KUL6,YKAWLYQA,Subversion: From Covert Operations to Cyber Conflict,Book review by Matthew Galway,https://doi.org/10.1093/ahr/rhae195
190,X9XY5LET,YKAWLYQA,Subversion: From Covert Operations to Cyber Conflict,Book review by Lawrence E. Cline,https://doi.org/10.1080/09592318.2024.2381850
191,27HBYGNJ,Z6QEDILV,Consuls in the Cold War,Book review by Thomas A. Schwartz,https://doi.org/10.1080/14682745.2024.2374969
192,ETUA4P47,WWZ8MDD2,"Deter, Disrupt, or Deceive: Assessing Cyber Conflict as an Intelligence Contest",Book review by Tash Buckley,https://doi.org/10.1080/23738871.2024.2377667
194,A6AKJB5N,8IQ8W4XM,"Knowledge Exchanges Between Portugal and Europe: Maritime Diplomacy, Espionage, and Nautical Science in the Early Modern World (15th-17th Centuries)",Book review by Richard Dunn,https://doi.org/10.1017/S0007087424001341
195,CEMA78J7,3YEC87VF,"The Birth of Psychological War: Propaganda, Espionage, and Military Violence from WWII to the Vietnam War",Book review by Katy Doll,https://doi.org/10.1093/jahist/jaae235
196,XVU6SP3K,3YEC87VF,"The Birth of Psychological War: Propaganda, Espionage, and Military Violence from WWII to the Vietnam War",Book review by Junjiro Shida,https://doi.org/10.1080/03612759.2024.2362092
197,KM4Q2N8J,IXPGYQZB,"Covert Radio Agents, 1939–1945: Signals From Behind Enemy Lines",Book review by Eric P. Wenaas,https://ieeexplore.ieee.org/stamp/stamp.jsp?arnumber=10568229
198,PTLDZN5R,TFQ7UB8K,TICOM: the Hunt for Hitler’s Codebreakers,Book review by Chris Christensen,https://doi.org/10.1080/01611194.2018.1449150
199,4BD37EZZ,AHY44MRC,Need to Know: World War II and the Rise of American Intelligence,Book review by J. R. Seeger,https://www.cia.gov/resources/csi/studies-in-intelligence/studies-in-intelligence-67-no-1-extracts-march-2023/review-need-to-know-world-war-ii-and-the-rise-of-american-intelligence/
200,39J3HKNT,AHY44MRC,Need to Know: World War II and the Rise of American Intelligence,Book review by David V. Gioe,https://www.tandfonline.com/doi/full/10.1080/16161262.2023.2213566
201,54AXR66S,AHY44MRC,Need to Know: World War II and the Rise of American Intelligence,Book review by Jeff Rogg,https://www.tandfonline.com/doi/full/10.1080/08850607.2022.2164461?af=R
202,BXXIF65P,S3YKMTAP,Spy Stories: Inside the Secret World of the RAW and the ISI,Book review by Ryan Shaffer,https://www.tandfonline.com/doi/full/10.1080/02684527.2021.1990460
204,NQLNJK7U,XI3JE5AS,"Reading Espionage Fiction: Narrative, Conflict and Commitment from World War I to the Contemporary Era",Book review by Rob Finnigan,https://doi.org/10.1080/02684527.2026.2614834
205,WVYHPW9Z,L3G7SYBW,The Future of Foreign Intelligence: Privacy and Surveillance in a Digital Age,Book review by Joel Brenner,https://jnslp.com/2017/12/12/review-future-foreign-intelligence-privacy-surveillance-digital-age-laura-k-donohue/
206,E35DSPJL,GILHL5RY,Diplomacy and Intelligence During the Second World War: Essays in Honour of F. H. Hinsley,Book review by Michael Hart,https://doi.org/10.1093/iclqaj/35.1.229
207,5ATRGC4X,39IPFCR7,Watching the Jackals: Prague's Covert Liaisons with Cold War Terrorists and Revolutionaries,Book review by Zachary Kuntz,https://doi.org/10.1080/00182370.2026.2653436
208,GL4A8GMZ,39IPFCR7,Watching the Jackals: Prague's Covert Liaisons with Cold War Terrorists and Revolutionaries,Book review by Luca Trenta,https://doi.org/10.1080/18335330.2025.2478566
209,Q96D8US4,39IPFCR7,Watching the Jackals: Prague's Covert Liaisons with Cold War Terrorists and Revolutionaries,Book review by Jean-Thomas Nicole,https://www.thecipherbrief.com/book-review/dispatches-from-pragues-archives-watching-the-jackals
210,VP54SXKU,Y8ZHDV88,"Intelligence in Democratic Transitions: A Comparative Analysis of Portugal, Greece, and Spain",Book review by George Greanias,https://doi.org/10.1080/08850607.2025.2499420
211,WSISRY9F,Y8ZHDV88,"Intelligence in Democratic Transitions: A Comparative Analysis of Portugal, Greece, and Spain",Book review by Anthony Sutton,https://www.cia.gov/resources/csi/studies-in-intelligence/studies-in-intelligence-68-no-4-special-media-reviews-december-2024/review-intelligence-in-democratic-transitions-a-comparative-analysis-of-portugal-greece-and-spain/
212,PPLUUR74,H5N82ZCZ,The CIA: An Imperial History,Book review by Sarah-Jane Corke,https://doi.org/10.1093/dh/dhaf045
213,CMNSIUK3,H5N82ZCZ,The CIA: An Imperial History,Book review by Dieter Bacher,https://doi.org/10.1162/jcws_r_01250
214,YYHU5BHE,KSFKASQW,The Dhofar War: British Covert Campaigning in Arabia 1965-1975,Book review by J. E. Peterson,https://doi.org/10.1093/ehr/ceag066
215,W5ZRNJFH,KSFKASQW,The Dhofar War: British Covert Campaigning in Arabia 1965-1975,Book review by David Wearing,https://doi.org/10.1080/14682745.2026.2619245
216,ZT7C6VSV,IMIG6SF6,"Secret History: State Surveillance in New Zealand, 1900–1956",Book review by Hayden Thorne,https://doi.org/10.1093/tcbh/hwae031
217,FR8KVVDZ,LE86UHNU,"Israeli National Intelligence Culture: Problem-solving, Exceptionalism, and Pragmatism",Book review by Catalin Dumitriu,https://rrsi.ro/en/itai-shapira-israeli-national-intelligence-culture-problem-solving-exceptionalism-and-pragmatism-london-routledge-studies-in-intelligence-series-2026-258-p/
218,HHRM847W,LE86UHNU,"Israeli National Intelligence Culture: Problem-solving, Exceptionalism, and Pragmatism",Book review by Hamilton Bean,https://doi.org/10.1080/02684527.2025.2508076
219,TJNHLR2P,KVESSZZX,Cold War Deceptions: The Asia Foundation and the CIA,Book review by Kenneth Osgood,https://doi.org/10.1093/dh/dhag009
220,RCPRN98D,KVESSZZX,Cold War Deceptions: The Asia Foundation and the CIA,Book review by Moss Roberts,https://doi.org/10.1080/14672715.2024.2335260
221,UHQXE7RY,WWMBSKCU,Routledge Handbook of Disinformation and National Security,Book review by Michael J. Ard,https://www.cia.gov/resources/csi/studies-in-intelligence/studies-in-intelligence-68-no-1-extracts-march-2024/the-routledge-handbook-of-disinformation-and-national-security/
222,2PTAGSPB,GZNRSVKI,The Lumumba Plot: The Secret History of the CIA and a Cold War Assassination,Book review by Paul Kepp,https://www.cia.gov/resources/csi/studies-in-intelligence/studies-in-intelligence-68-no-1-extracts-march-2024/review-the-lumumba-plot-the-secret-history-of-the-cia-and-a-cold-war-assassination/
223,YGQ3NJ6F,MRXVJK39,Arctic Convoys: Bletchley Park and the War for the Seas,Book review by Will Fripp,https://doi.org/10.1080/02684527.2025.2593166
224,UNZTIZ4T,MRXVJK39,Arctic Convoys: Bletchley Park and the War for the Seas,Book review by Dan W. B. Lomas,https://doi.org/10.1080/03071847.2024.2304433
225,YWTVARQ8,EWTARL9R,"The Secret History of the Five Eyes: The untold story of the shadowy international spy network, through its targets, traitors and spies",Book review by Miah Hammond-Errey,https://www.tandfonline.com/doi/full/10.1080/03071847.2023.2319989
226,ZTZ52IPW,UKKQVC75,The Handbook of African Intelligence Cultures,Book review by Marianne Taflinger,https://doi.org/10.1080/08850607.2024.2322691
228,SVYH8JH7,FPLKVXUW,Chatter: Dispatches from the Secret World of Global Eavesdropping,Book review by Louis Kruh,https://doi.org/10.1080/01611190508951314
229,AVZDGDWF,YZXQ2V39,Pearl Harbor Revisited: U.S. Navy Communications Intelligence 1924–1941,Book review by Louis Kruh,https://doi.org/10.1080/01611190508951313
230,9SL2WKCW,XVYS6KUQ,"A Priceless Advantage: U.S. Naval Communications Intelligence and the Battles of Coral Sea, Midway, and the Aleutians",Book review by Louis Kruh,https://doi.org/10.1080/01611190508951310
231,DYHW3P4V,CVCHR2G7,Thirty Secret Years: A.G. Denniston's work in signals intelligence 1914-1944,Book review by David Hamer,https://doi.org/10.1080/01611190701583088
232,XPKVJ7ZG,K4VWMT4G,Voices of the Code Breakers: Personal Accounts Of The Secret Heroes Of World War Ii,Book review by Chris Christensen,https://doi.org/10.1080/01611190701856641
233,KCZCGDQC,FS46CNKP,The U.S. Intelligence Community,Book review by James David,https://doi.org/10.1080/01611190802160588
234,X7E6AK5D,XRKWXGV7,Decoding The IRA,Book review by Stephen Budiansky,https://doi.org/10.1080/01611190902967023
235,EVXMUE7M,TB74TDGU,Ultra Versus U-Boats: Enigma Decrypts in The National Archives,Book review by Chris Christensen,https://doi.org/10.1080/01611190903185179
236,457HE9G2,DKL5K2IM,The Shadow Factory: The Ultra-Secret NSA from 9/11 to the Eavesdropping on America,Book review by Chris Christensen,https://doi.org/10.1080/01611190903115150
237,SBQE7KHI,YYSUII5N,"Eavesdropping on Hell: Historical Guide to Western Communications Intelligence and Holocaust, 1939–1945",Book review by Henry B. Wolfe,https://doi.org/10.1080/01611190903115192
238,29YHCG4T,RJBCDRX2,The Secret Sentry: The Untold History of the National Security Agency,Book review by Colin Burke,https://doi.org/10.1080/01611191003621956
239,3GU8SZNK,YFC3DE5V,Secret Days: Codebreaking in Bletchley Park,Book review by Chris Christensen,https://doi.org/10.1080/01611194.2012.661300
240,5VKUN2NZ,6R976AXB,The Secrets of Station X: How the Bletchley Park Codebreakers Helped Win the War,Book review by David H. Hamer,https://doi.org/10.1080/01611194.2012.661298
241,8T3GVTZ7,IS2ETAJF,Secret Postings: Bletchley Park to the Pentagon,Book review by Chris Christensen,https://doi.org/10.1080/01611194.2012.689598
242,XKTZS37B,4E7IY4L4,"Decoding Organization: Bletchley Park, Codebreaking and Organization Studies",Book review by Chris Christensen,https://doi.org/10.1080/01611194.2013.767681
243,TZ32AKYP,5J4L4KKF,Hitler's Codebreakers: German Signals Intelligence in World War 2,Book review by David H. Hamer,https://doi.org/10.1080/01611194.2013.827533
244,XR4G2WRA,UFX7359Y,The History of Traffic Analysis: World War I—Vietnam,Book review by Chris Christensen,https://doi.org/10.1080/01611194.2014.915687
245,IJ5GQNPM,BTTIP896,Gordon Welchman: Bletchley Park's Architect of Ultra Intelligence,Book review by David H. Hamer,https://doi.org/10.1080/01611194.2015.982933
246,EI7HBMBG,ZIVBZN5G,The Secret Listeners: The Men and Women Posted Across the World to Intercept the German Codes for Bletchley Park,Book review by Chris Christensen,https://doi.org/10.1080/01611194.2014.915689
247,XMUMMDMX,FKHUP84J,Intercept: The Secret History of Computers and Spies,Book review by Nick Hoffman,https://doi.org/10.1080/01611194.2015.1129186
248,2VAGN4NU,3J3EFSFV,Solving Enigma's Secrets: The Official History of Bletchley Park's Hut 6,Book review by David H. Hamer,https://doi.org/10.1080/01611194.2016.1236619
249,GUMMKXRU,5B25XMQ7,Bletchley Park: The Secret Archives,Book review by Chris Christensen,https://doi.org/10.1080/01611194.2016.1236644
250,7W925R7G,G5UF8GLE,Code Warriors: NSA's Codebreakers and the Secret Intelligence War against the Soviet Union,Book review by Chris Christensen,https://doi.org/10.1080/01611194.2017.1326794
251,777CRWFU,BHGQHF44,Silence Means Security: Secrets of a WWII Code-Breaking WAC,Book review by Chris Christensen,https://doi.org/10.1080/01611194.2017.1326272
252,Q5TD73K7,AFUPE93I,"The Secret War: Spies, Codes and Guerrillas 1939–1945",Book review by Ryan Shaffer,https://doi.org/10.1080/01611194.2018.1435213
253,CJBYGIQM,YAJHRY42,Stanley Johnston's Blunder: The Reporter Who Spilled the Secret Behind the U.S. Navy's Victory at Midway,Book review by Chris Christensen,https://doi.org/10.1080/01611194.2018.1503208
254,D3IGMPHU,KM7HXFMC,Bletchley Park and D-Day,Book review by Chris Christensen,https://doi.org/10.1080/01611194.2020.1732498
255,4HAVVWTV,NC3B4QFU,Reflections of Alan Turing: A Relative History,Book review by Chris Christensen,https://doi.org/10.1080/01611194.2021.1969703
256,KGQ6X4FE,8RB2AQRH,MADAME X THE STORY OF 003: The U.S. Army Cryptologic Bombe in World War II,Book review by Chris Christensen,https://doi.org/10.1080/01611194.2021.1949761
257,5V75AA83,7PRUPQDN,The Bombe: The machine that defeated Enigma,Book review by Chris Christensen,https://doi.org/10.1080/01611194.2022.2026840
258,SAG8Q2I7,EKE2DILU,Radio War: The Secret Espionage War of the Radio Security Service 1938-1946,Book review by Chris Christensen,https://doi.org/10.1080/01611194.2021.1969706
259,76RTEF4E,WC587R5C,The Woman All Spies Fear: Code Breaker Elizebeth Smith Friedman and Her Hidden Life,Book review Stuart Boersman,https://doi.org/10.1080/01611194.2022.2134753
260,5JIKTZTK,BJAZJM86,No More Secrets: My part in codebreaking at Bletchley Park and the Pentagon,Book review by Chris Christensen,https://doi.org/10.1080/01611194.2023.2246466
261,QWV5QSWX,3669PKEA,"Queen of Codes: The Secret Life of Emily Anderson, Britain’s Greatest Female Codebreaker",Book review by Chris Christensen,https://doi.org/10.1080/01611194.2023.2248141
262,3BA34CPZ,HP5QT7AV,Strategic intelligence for American world policy,Book review by John A. Irving,https://doi.org/10.1177/002070205100600414
263,C2SVVDV7,4RGY9J6V,Trinity: The Treachery and Pursuit of the Most Dangerous Spy in History,Book review by Ben de Jong,https://doi.org/10.35467/sdq/183020
264,UTJLLY87,CCTFILJY,The Book of Honor: The Secret Lives and Deaths of CIA Operatives,Book review by Thomas M. Troy,https://www.cia.gov/resources/csi/studies-in-intelligence/studies-in-intelligence-winter-spring-2001/the-book-of-honor-covert-lives-and-classified-deaths-at-the-cia/
265,9RLZPDSL,5LGF4KBW,"Flawed by Design: The Evolution of the CIA, JCS, and NSC",Book review by Michael Warner,https://www.cia.gov/static/flawed-by-design-creating-secret-state.pdf
266,CBXRMHSG,RWH9FMQP,The Master of Disguise: My Secret Life in the CIA,Book review by Jim Steinmeyer,https://www.cia.gov/resources/csi/studies-in-intelligence/volume-46-no-1/the-master-of-disguise-my-secret-life-in-the-cia/
267,9VL3AKFA,44QLALK4,The Cultural Cold War: The CIA and the World of Arts and Letters,Book review by Thomas M. Troy,https://www.cia.gov/resources/csi/studies-in-intelligence/volume-46-no-1/the-cultural-cold-war-the-cia-and-the-world-of-arts-and-letters/
268,YBVE32CR,MURRHEI6,The Secret History of the CIA,Book review by Len M.,https://www.cia.gov/resources/csi/studies-in-intelligence/volume-46-no-2/the-secret-history-of-cia/
269,HUDESZRX,KGNZTT7R,"West-Arbeit des MfS: Das Zusammenspiel von ""Aufklärung"" und ""Abwehr"" [The MfS's Operations in the West: The Interaction of ""Intelliegence"" and ""Counterintelligence""]",Book review by Benjamin B. Fischer,https://www.cia.gov/resources/csi/studies-in-intelligence/volume-46-no-2/west-arbeit-des-mfs-das-zusammenspiel-von-auflarung-und-abwehr-the-mfss-operations-in-the-west-the-interaction-of-intelliegence-and-counterintelligence/
270,XQMHMYIH,PVJI9YKI,The U-2 Spyplane: Toward the Unknown : A New History of the Early Years,Book review by Gerald K. Haines,https://www.cia.gov/resources/csi/studies-in-intelligence/volume-46-no-2/the-u-2-spyplane-toward-the-unknown-a-new-history-of-the-early-years/
271,EG23SHFB,2B6EI63I,Secrets of Victory: The Office of Censorship and the American Press and Radio in World War II,Book review by Robert J. Hanyok,https://www.cia.gov/resources/csi/studies-in-intelligence/volume-46-no-3/secrets-of-victory-the-office-of-censorship-and-the-american-press-and-radio-in-world-war-ii/
272,YWM6CA27,2U8CSB72,From Munich to Pearl Harbor: Roosevelt's America and the Origins of the Second World War,Book review by Michael Warner,https://www.cia.gov/resources/csi/studies-in-intelligence/volume-46-no-3/from-munich-to-pearl-harbor-roosevelts-america-and-the-origins-of-the-second-world-war/
273,A4CPZN5Y,XNPTDTPG,God's Eye: Aerial Photography and the Katyn Forest Massacre,Book review by Benjamin B. Fischer,https://www.cia.gov/resources/csi/studies-in-intelligence/volume-46-no-3/gods-eye-aerial-photography-and-the-katyn-forest/
274,TD4E6R3V,SWZWMD3F,"Security Intelligence Services in New Democracies: The Czech Republic, Slovakia and Romania",Book review by John A. Wiant,https://www.cia.gov/resources/csi/studies-in-intelligence/volume-46-no-4/security-intelligence-services-in-new-democracies-the-czech-republic-slovakia-and-romania/
275,BPZ5WYN8,C2MVECFT,Cloak and Dollar: A History of American Secret Intelligence,Book review by David S. Robarge,https://www.cia.gov/resources/csi/studies-in-intelligence/volume-46-no-4/cloak-and-dollar-a-history-of-american-secret-intelligence/
276,X23T5GLS,PGIGYH3L,Spying on Spies How Elizebeth Smith Friedman Broke the Nazis' Secret Codes,Book review by Aaren Tucker,https://doi.org/10.1353/bcc.2024.a919499
277,GUHJHZUX,BQD4M4PU,Of Spies and Lies: A CIA Lie Detector Remembers Vietnam,Book review by Ward W. Warren,https://www.cia.gov/resources/csi/studies-in-intelligence/volume-47-no-1/of-spies-and-lies-a-cia-lie-detector-remembers-vietnam/
278,NT6KQ9IR,6GHLFKK7,Spy Capitalism: ITEK and the CIA,Book review by David S. Robarge,https://www.cia.gov/resources/csi/studies-in-intelligence/volume-47-no-1/spy-capitalism-itek-and-the-cia/
279,LTBXWTEQ,BTNNZ37P,Red Spy Queen: A Biography of Elizabeth Bentley,Book review by Michael Warner,https://www.cia.gov/resources/csi/studies-in-intelligence/volume-47-no-2/red-spy-queen-a-biography-of-elizabeth-bentley/
280,6RZXGTIH,VD3Y8G3W,A Look Over My Shoulder: A Life in the Central Intelligence Agency,Book review by Thomas M. Troy,https://www.cia.gov/resources/csi/studies-in-intelligence/volume-48-no-1/a-look-over-my-shoulder-a-life-in-the-central-intelligence-agency/
281,HJ36IH76,L4HDGRIY,Fixing Intelligence: For a More Secure America,Book review by Hayden B. Peake,https://www.cia.gov/resources/csi/studies-in-intelligence/volume-48-no-2/fixing-intelligence-for-a-more-secure-america/
282,E5SCZIX5,PLQKCDBF,Counterspy: Memoirs of a Counterintelligence Officer in World War II and the Cold War,Book review by Kevin C. Ruffner,https://www.cia.gov/resources/csi/studies-in-intelligence/volume-49-no-3/counterspy-memoirs-of-a-counterintelligence-officer-in-world-war-ii-and-the-cold-war/
283,ZFYUSWKQ,S6HNBKVA,First In: An Insider's Account of How the CIA Spearheaded the War on Terror in Afghanistan,Book review by J. Daniel Moore,https://www.cia.gov/resources/csi/studies-in-intelligence/volume-49-no-4/first-in-an-insiders-account-of-how-the-cia-spearheaded-the-war-on-terror-in-afghanistan/
284,V5VFL7YJ,947H59FR,"Thailand's Secret War: OSS, SOE and the Free Thai Underground during World War II",Book review by Troy J. Sacquety,https://www.cia.gov/resources/csi/studies-in-intelligence/volume-50-no-1/thailands-secret-war-the-free-thai-oss-and-soe-during-world-war-ii/
285,QZ2GV36T,7S6IFI34,At the Dragon's Gate: With the Oss in the Far East,Book review by Troy Sacquety,https://www.cia.gov/resources/csi/studies-in-intelligence/volume-50-no-2/at-the-dragons-gate-with-the-oss-in-the-far-east/
286,SEICZ4IA,9XWPUEKY,The Haunted Wood: Soviet Espionage in America—the Stalin Era,Book review by William Nolte,https://www.cia.gov/resources/csi/studies-in-intelligence/volume-50-no-2/the-haunted-wood-soviet-espionage-in-america-the-stalin-era/
287,BK8IT86R,6F5DKNDU,Uncertain Shield: The U.S. Intelligence System in the Throes of Reform,Book review by Stanley Moskowitz,https://www.cia.gov/resources/csi/studies-in-intelligence/volume-50-no-3/uncertain-shield-the-u-s-intelligence-system-in-the-throes-of-reform/
288,DXHK68IT,EBSF682B,In the Shadow of the Sphinx: A History of Army Counterintelligence,Book review by Michael J. Sulick,https://www.cia.gov/resources/csi/studies-in-intelligence/volume-50-no-4/in-the-shadow-of-the-sphinx-a-history-of-counterintelligence/
289,YZWN6FBR,B9J88W5R,"Special Agent, Vietnam: A Naval Intelligence Memoir",Book review by Michael Sulick,https://www.cia.gov/resources/csi/studies-in-intelligence/volume-51-no-2/special-agent-vietnam-a-naval-intelligence-memoir/
290,SEIWUSRI,2TW3TGT7,Spymistress: The True Story of the Greatest Female Secret Agent of World War II,Book review by Thomas F. Troy,https://www.cia.gov/resources/csi/studies-in-intelligence/volume-51-no-2/spymistress-the-life-of-vera-atkins-the-greatest-female-agent-in-world-war-ii/
291,NBZ2BM7I,Q6BXVLV5,Early Cold War Spies: The Espionage Trials that Shaped American Politics,Book review by John Ehrman,https://www.cia.gov/resources/csi/studies-in-intelligence/volume-51-no-2/early-cold-war-spies-the-espionage-trials-that-shaped-american-politics/
292,TUKKAR8K,TU6HRPQB,Enemies of Intelligence: Knowledge and Power in American National Security,Book review by Nicholas Dujmovic,https://www.cia.gov/resources/csi/studies-in-intelligence/volume-51-no-4/enemies-of-intelligence-knowledge-and-power-in-american-national-security/
293,K6N7JRZ3,I4PZZ5PC,"Hostile Intent: U.S. Covert Operations in Chile, 1964–1974",Book review by Elaine Carey,https://doi.org/10.1017/S0022216X08004902
294,QK7A4FLZ,82WRD7WU,Spymaster: Dai Li and the Chinese Secret Service,Book review by Bob Bergin,https://www.cia.gov/resources/csi/studies-in-intelligence/volume-53-no-1/spymaster-dai-li-and-the-chinese-secret-service/
295,MBSP5XUL,JJQWVIYT,The CIA and the Culture of Failure: U.S. Intelligence from the End of the Cold War to the Invasion of Iraq,Book review by Roger Z. George,https://www.cia.gov/resources/csi/studies-in-intelligence/volume-53-no-1/the-cia-and-the-culture-of-failure-u-s-intelligence-from-the-end-of-the-cold-war-to-the-invasion-of-iraq/
296,G27YLUGB,3ML63JIE,"US Covert Operations and Cold War Strategy: Truman, Secret Warfare and the CIA, 1945-53",Book review by Nicholas Dujomovic,https://www.cia.gov/resources/csi/studies-in-intelligence/volume-54-no-1/u-s-covert-operations-and-cold-war-strategy-truman-secret-warfare-and-the-cia-1945-53/
297,MCXMK65F,ZM9NVENM,"Deciphering the Rising Sun: Navy and Marine Corps Codebreakers, Translators, and Interpreters in the Pacific War",Book review by Emil H. Levine,https://doi.org/10.1080/01611191003600596
298,QKT3XIQV,ZM9NVENM,"Deciphering the Rising Sun: Navy and Marine Corps Codebreakers, Translators, and Interpreters in the Pacific War",Book review by Jeffrey G. Barlow,https://doi.org/10.1093/jahist/97.2.558
299,BKCJ2FZ3,ZM9NVENM,"Deciphering the Rising Sun: Navy and Marine Corps Codebreakers, Translators, and Interpreters in the Pacific War",Book review by Stephen C. Mercado,https://www.cia.gov/resources/csi/studies-in-intelligence/volume-54-no-2/deciphering-the-rising-sun-navy-and-marine-corps-codebreakers-translators-and-interpreters-in-the-pacific-war/
300,8Z8H3ZHX,VL6N8XBE,Operation Hotel California: The Clandestine War Inside Iraq,Book review by Matt P.,https://www.cia.gov/resources/csi/studies-in-intelligence/volume-54-no-2/operation-hotel-california-the-clandestine-war-inside-iraq/
302,BH8BXS7R,4LQ7D6D2,"SIX: A HISTORY OF BRITAIN'S SECRET INTELLIGENCE SERVICE, Part 1: Murder and Mayhem 1909-1939",Book review by Hayden Peake,https://www.cia.gov/resources/csi/studies-in-intelligence/volume-54-no-4/six-a-history-of-britains-secret-intelligence-service-part-1-murder-and-mayhem-1909-1939/
304,6JVQRHV5,HSA3MXK3,Stalin's Romeo Spy: The Remarkable Rise and Fall of the KGB's Most Daring Operative,Book review by John Ehrman,https://www.cia.gov/resources/csi/studies-in-intelligence/volume-54-no-4/stalins-romeo-spy/
305,ZUCV9HFC,KG7HI4DE,The Triple Agent: The Al-Qaeda Mole who Infiltrated the CIA,Book review by Stephen J. Garber,https://www.cia.gov/resources/csi/studies-in-intelligence/volume-55-no-3/the-triple-agent-the-al-qaeda-mole-who-infiltrated-the-cia/
306,FAU9X3S8,9QINYQ7A,No More Secrets: Open Source Information and the Reshaping of U.S. Intelligence,Book review by Anthony Olcott,https://www.cia.gov/resources/csi/studies-in-intelligence/volume-56-no-1/no-more-secrets-open-source-information-and-the-reshaping-of-u-s-intelligence/
307,Y2P265I2,RGJVQ6HU,Castro's Secrets: The CIA and Cuba's Intelligence Machine,Book review by Thomas Coffey,https://www.cia.gov/resources/csi/studies-in-intelligence/volume-56-no-3/castros-secrets-the-cia-and-cubas-intelligence-machine/
308,SB6RFTHL,RGJVQ6HU,Castro's Secrets: The CIA and Cuba's Intelligence Machine,Book review by Richard Feinberg,https://www.foreignaffairs.com/reviews/capsule-review/2012-05-01/castros-secrets-cia-and-cubas-intelligence-machine
309,IY23RSYP,DY7366UT,Intelligence Analysis: Behavioral and Social Scientific Foundations,Book review by Jason U. Manosevitz,https://www.cia.gov/resources/csi/studies-in-intelligence/volume-56-no-4/three-recent-works-on-improving-intelligence-analysis-pdf-29-4kb/
310,DU77FF96,JUAFJNNG,Cases in Intelligence Analysis: Structured Analytic Techniques in Action,Book review by Jason U. Manosevitz,https://www.cia.gov/resources/csi/studies-in-intelligence/volume-56-no-4/three-recent-works-on-improving-intelligence-analysis-pdf-29-4kb/
311,KKS7W7PE,N6VINEIJ,Historical Dictionary of Signals Intelligence,Book review by Gary K.,https://www.cia.gov/resources/csi/studies-in-intelligence/volume-57-no-2/historical-dictionary-of-signals-intelligence/
312,9YKC383V,KIJQXJPR,"In Plain Sight: Felix A. Sommerfeld, Spymaster in Mexico, 1908 to 1914",Book review by Mark Benbow,https://www.cia.gov/resources/csi/studies-in-intelligence/volume-57-no-3/hiding-in-plain-sight-felix-a-sommerfeld-spymaster-in-mexico-1908-to-1914/
313,AP6BDIHR,39GZI99Y,Spying in America: Espionage from the Revolutionary War to the Dawn of the Cold War,Book review by Clayton Lauire,https://www.cia.gov/resources/csi/studies-in-intelligence/volume-57-no-4/american-spies-espionage-against-the-united-states-from-the-cold-war-to-the-present/
314,XUDLYKH6,4F3662IV,American Spies: Espionage against the United States from the Cold War to the Present,Book review by Clayton Lauire,https://www.cia.gov/resources/csi/studies-in-intelligence/volume-57-no-4/american-spies-espionage-against-the-united-states-from-the-cold-war-to-the-present/
315,IM2KPK54,QV6APQVH,Operation Paperclip: The Secret Intelligence Program that Brought Nazi Scientists to America,Book review by Jay Watkins,https://www.cia.gov/resources/csi/studies-in-intelligence/volume-58-no-3/operation-paperclip-the-secret-intelligence-program-to-bring-nazi-scientists-to-america-pdf-210-8kb/
316,E8TTGX6W,5ZIUEDFZ,Secrets and Leaks: The Dilemma of State Secrecy,Book review by Jason Manosevitz,https://www.cia.gov/resources/csi/studies-in-intelligence/volume-58-no-3/secrets-and-leaks-the-dilemma-of-state-secrecy-pdf-207-6kb/
317,H6677YX6,A5UDEWZ6,A Spy Among Friends,Book review by Thomas G. Coffey,https://www.cia.gov/resources/csi/studies-in-intelligence/volume-59-no-1/kim-philby-the-unknown-story-of-the-kgbs-master-spy/
318,DE8Y85Q6,8BAA5ERJ,Listening in : RAF electronic intelligence gathering since 1945,Book review by Gary K.,https://www.cia.gov/resources/csi/studies-in-intelligence/volume-59-no-2/listening-in-electronic-intelligence-gathering-since-1945/
319,R8VQREWX,CUF79HAI,Colonel House: A Biography of Woodrow Wilson's Silent Partner,Book review by Mark Benbow,https://www.cia.gov/resources/csi/studies-in-intelligence/volume-59-no-3/colonel-house-a-biography-of-woodrow-wilsons-silent-partner/
320,NBRZ6E9W,ENYZEYW3,Surveillance and Spies in the Civil War: Exposing Confederate Conspiracies in America’s Heartland,Book review by Clayton Lauire,https://www.cia.gov/resources/csi/studies-in-intelligence/volume-59-no-4/surveillance-and-spies-in-the-civil-war-exposing-confederate-conspiracies-in-americas-heartland/
321,DPZURDKN,XXGSJ5JH,"Spies, Patriots, and Traitors: American Intelligence in the Revolutionary War",Book review by David Robarge,https://www.cia.gov/resources/csi/studies-in-intelligence/volume-59-no-4/spies-patriots-and-traitors-american-intelligence-in-the-revolutionary-war/
322,DIL3XU3L,7TQE3IL9,The Great War of Our Time: The CIA's Fight Against Terrorism--From al Qa'ida to ISIS,Book review by Hayden Peake,https://www.cia.gov/resources/csi/studies-in-intelligence/volume-59-no-4/the-great-war-of-our-time-the-cias-fight-against-terrorism-from-al-qaida-to-isis/
323,IAQM3U3L,9W6UWHGY,"Avenue of Spies: A True Story of Terror, Espionage, and One American Family’s Heroic Resistance in Nazi-Occupied Paris",Book review by David Foy,https://www.cia.gov/resources/csi/studies-in-intelligence/volume-60-no-2/avenue-of-spies-a-true-story-of-terror-espionage-and-one-american-familys-heroic-resistance-in-nazi-occupied-paris/
324,WWAIZSER,E5AND6DJ,The President's Book of Secrets: The Untold Story of Intelligence Briefings to America's Presidents from Kennedy to Obama,Book review by Jason U. Manosevitz,https://www.cia.gov/resources/csi/studies-in-intelligence/volume-60-no-2/the-presidents-book-of-secrets-the-untold-story-of-intelligence-briefings-to-americas-presidents-from-kennedy-to-obama/
325,GMN6HX2Q,92WW9Q7V,"The Devil's Chessboard: Allen Dulles, the Cia, and the Rise of America's Secret Government",Book review by J. R. Seeger,https://www.cia.gov/resources/csi/studies-in-intelligence/volume-60-no-3/the-devils-chessboard-allen-dulles-the-cia-and-the-rise-of-americas-secret-government/
326,25LSM6SE,89UGSEYS,"When Should State Secrets Stay Secret?: Accountability, Democratic Governance, and Intelligence",Book review by Jason U. Manosevitz,https://www.cia.gov/resources/csi/studies-in-intelligence/volume-60-no-3/when-should-state-secrets-stay-secret-accountability-democratic-governance-and-intelligence/
327,ZPP2CIKR,UQE74JQG,"The Bletchley Girls-War, Secrecy, Love, and Loss: The Women of Bletchley Park Tell Their Story",Book review by David A. Foy,https://www.cia.gov/resources/csi/studies-in-intelligence/volume-60-no-4/the-bletchley-girls-war-secrecy-love-and-loss-the-women-of-bletchley-park-tell-their-story/
328,P4YWTEN9,PA2KKE5W,Spies in the Congo: The Race for the Ore that Built the Atomic Bomb,Book review by David A. Foy,https://www.cia.gov/resources/csi/studies-in-intelligence/volume-60-no-4/spies-in-the-congo-americas-atomic-mission-in-world-war-ii/
329,BTFL8UKR,S8NEVVAX,The Angel: The Egyptian Spy Who Saved Israel: The Egyptian Spy Who Saved Israel,Book review by Thomas G. Coffey,https://www.cia.gov/resources/csi/studies-in-intelligence/volume-60-no-4/the-angel-the-egyptian-spy-who-saved-israel/
330,TMJVUQS6,P4GB5BZW,"MacArthur’s Spies: The Soldier, The Singer, and the Spymaster Who Defied the Japanese in World War II",Book review by David A. Foy,https://www.cia.gov/resources/csi/studies-in-intelligence/volume-61-no-4/macarthurs-spies-the-soldier-the-singer-and-the-spymaster-who-defied-the-japanese-in-world-war-ii/
331,L7KDA3DA,LMSF2XYA,Code Girls: The Untold Story of the American Women Code Breakers of World War II,Book review by Chris Christensen,https://doi.org/10.1080/01611194.2022.2105179
332,TXBW7SAF,LMSF2XYA,Code Girls: The Untold Story of the American Women Code Breakers of World War II,Book review by Chris Christensen,https://doi.org/10.1080/01611194.2022.2026838
333,BWATDUJV,LMSF2XYA,Code Girls: The Untold Story of the American Women Code Breakers of World War II,Book review by David A. Foy,https://www.cia.gov/resources/csi/studies-in-intelligence/volume-61-no-4/code-girls-the-untold-story-of-the-american-women-codebreakers-of-world-war-ii/
334,MYQ7STXC,DW5YTPUG,Intelligence Analysis: A Target-Centric Approach,Book review by John Sislin and Christopher Marshall,https://www.cia.gov/resources/csi/studies-in-intelligence/volume-61-no-4/intelligence-analysis-a-target-centric-approach/
335,EWASITBZ,98DWENSU,The Ghost: The Secret Life of CIA Spymaster James Jesus Angleton,Book review by David S. Robarge,https://www.cia.gov/resources/csi/studies-in-intelligence/volume-61-no-4/the-ghost-the-secret-life-of-cia-spymaster-james-jesus-angleton/
336,H8LLR34M,LC5LDHY2,A Great Place to Have a War: America in Laos and the Birth of a Military CIA,Book review by Thomas L. Ahern,https://www.cia.gov/resources/csi/studies-in-intelligence/volume-61-no-4/a-great-place-to-have-a-war-america-and-the-birth-of-a-military-cia/
337,CA467GYH,5G5Y2DS7,"Destination Casablanca: Exile, Espionage, and the Battle for North Africa in World War II",Book review by Clayton Lauire,https://www.cia.gov/resources/csi/studies-in-intelligence/volume-62-no-1/destination-casablanca-exile-espionage-and-the-battle-for-north-africa-in-world-war-ii/
338,3IVEEGVF,7YTRU52F,The London Cage: The Secret History of Britain's World War II Interrogation Centre,Book review by J. R. Seeger,https://www.cia.gov/resources/csi/studies-in-intelligence/volume-62-no-1/the-london-cage-the-secret-history-of-britains-wwii-interrogation-centre/
339,CY3RKGE3,UEFHGEBP,Hollywood’s Spies: The Undercover Surveillance of Nazis in Los Angeles,Book review by David A. Foy,https://www.cia.gov/resources/csi/studies-in-intelligence/volume-62-no-2/hitler-in-los-angeles-how-jews-foiled-plots-against-hollywood-and-america/
340,WN2QFBM5,UHFMC9RD,Lever of Power: Military Deception in China and the West,Book review by Arturo Muñoz,https://www.cia.gov/resources/csi/studies-in-intelligence/volume-62-no-3/lever-of-power-military-deception-in-china-and-the-west/
341,8S8J2J26,LFU6DIL8,"The Secret Twenties: British intelligence, the Russians and the Jazz Age",Book review by J. R. Seeger,https://www.cia.gov/resources/csi/studies-in-intelligence/volume-62-no-4/the-secret-twenties-british-intelligence-the-russians-and-the-jazz-age/
342,LZQC4HSC,HN9AQ2WH,Secret Operations of World War II,Book review by Alexander Stillwell,https://www.cia.gov/resources/csi/studies-in-intelligence/volume-63-no-1/secret-operations-of-world-war-ii/
343,UKIT72T7,TIYK3K5W,"Surprise, Kill, Vanish: The Secret History of CIA Paramilitary Armies, Operators, and Assassins",Book review by J. R. Seeger,https://www.cia.gov/resources/csi/studies-in-intelligence/volume-63-no-3/surprise-kill-vanish-the-secret-history-of-cia-paramilitary-armies-operators-and-assassins/
344,HZ9YX3D3,3IWC79TZ,Active Measures: The Secret History of Disinformation and Political Warfare,Book review by J. E. Leonardson,https://www.cia.gov/resources/csi/studies-in-intelligence/volume-64-no-1/active-measures-the-secret-history-of-disinformation-and-political-warfare/
345,N236S4LA,ICGUZ8YC,The Walls Have Ears: The Greatest Intelligence Operation of World War II,Book review by J. E. Leonardson,https://www.cia.gov/resources/csi/studies-in-intelligence/volume-64-no-2/the-walls-have-ears-the-greatest-intelligence-operation-of-world-war-ii/
346,VN3CRX3Q,NFG99BK6,Japan’s Spy at Pearl Harbor: Memoir of an Imperial Navy Secret Agent,Book review by Stephen C. Mercado,https://www.cia.gov/resources/csi/studies-in-intelligence/volume-64-no-2/japans-spy-at-pearl-harbor-memoir-of-an-imperial-navy-secret-agent/
347,37EUUSPJ,GLCNC4AP,"Secret Documents of Intelligence Branch on Father of The Nation, Bangladesh: Bangabandhu Sheikh Mujibur Rahman: Volume IV (1954-1957)",Book review by Ryan Shaffer,https://www.cia.gov/static/Secret-Documents-Pakistan.pdf
348,KXQP2LJL,3CSN27LI,"Secret Documents of Intelligence Branch on Father of The Nation, Bangladesh: Bangabandhu Sheikh Mujibur Rahman: Volume III (1953)",Book review by Ryan Shaffer,https://www.cia.gov/static/Secret-Documents-Pakistan.pdf
349,G95TMJAL,6GJWD73V,"Secret Documents of Intelligence Branch on Father of The Nation, Bangladesh: Bangabandhu Sheikh Mujibur Rahman: Volume II (1951-1952)",Book review by Ryan Shaffer,https://www.cia.gov/static/Secret-Documents-Pakistan.pdf
350,AK483WBB,9MPJ2A37,"Secret Documents of Intelligence Branch on Father of The Nation, Bangladesh: Bangabandhu Sheikh Mujibur Rahman: Volume I (1948-1950)",Book review by Ryan Shaffer,https://www.cia.gov/static/Secret-Documents-Pakistan.pdf
351,3SITFWUL,4PRC6NTD,Major General George H. Sharpe and The Creation of American Military Intelligence in the Civil War,Book review by David Welker,https://www.cia.gov/resources/csi/studies-in-intelligence/volume-64-no-4/major-general-george-h-sharpe-and-the-creation-of-american-military-intelligence-in-the-civil-war/
352,E6QB9CIG,NA429H6Y,Chinese Spies: From Chairman Mao to Xi Jinping,Book review by David Ian Chambers,https://www.cia.gov/resources/csi/studies-in-intelligence/volume-64-no-4/chinese-spies-from-chairman-mao-to-xi-jinping/
353,UY4JHUFZ,PAIMXUPK,Putin's People: How the KGB Took Back Russia and Then Took On the West,Book review by J. E. Leonardson,https://www.cia.gov/resources/csi/studies-in-intelligence/volume-64-no-4/two-new-contributions-to-putin-studies-putins-people-and-rigged/
354,XEY8WMVK,KHJY84CN,The Spy Masters: How the CIA Directors Shape History and the Future,Book review by Thomas Coffey,https://www.cia.gov/resources/csi/studies-in-intelligence/volume-65-no-1-march-2021/review-the-spy-masters-how-the-cia-directors-shape-history-and-the-future/
355,QNTZDJZE,NWS9389D,Geospatial Intelligence: Origins and Evolution,Book review by Joseph W. Caddell,https://www.cia.gov/resources/csi/studies-in-intelligence/volume-65-no-1-march-2021/review-geospatial-intelligence-origins-and-evolution-reviewed-by-joseph-w-caddell-jr/
356,P73P3PD5,AQY6J9ZZ,"The Nazi Spy Ring in America: Hitler's Agents, the FBI, and the Case That Stirred the Nation",Book review by Ralph Erskine,https://doi.org/10.1080/01611194.2021.1878308
357,TQ4LI4L4,AQY6J9ZZ,"The Nazi Spy Ring in America: Hitler's Agents, the FBI, and the Case That Stirred the Nation",Book review by David A. Welker,https://www.cia.gov/resources/csi/studies-in-intelligence/volume-65-no-2-june-2021/the-nazi-spy-ring-in-america-hitlers-agents-the-fbi-the-case-that-stirred-the-nation/
358,SUEX7RK3,9HKYEJG3,"War of Shadows: Codebreakers, Spies, and the Secret Struggle to Drive the Nazis from the Middle East",Book review by M. Geary,https://www.cia.gov/resources/csi/studies-in-intelligence/volume-65-no-2-june-2021/war-of-shadows-codebreakers-spies-and-the-secret-struggle-to-drive-the-nazis-from-the-middle-east/
359,Q2HYJPQM,NC8X3RUZ,Atomic Spy: The Dark Lives of Klaus Fuchs,Book review by Steven D.,https://www.cia.gov/resources/csi/studies-in-intelligence/volume-65-no-2-june-2021/atomic-spy-the-dark-lives-of-klaus-fuchs/
360,P8AVSPK4,K68ZZGRK,Operation Dragon: Inside the Kremlin's Secret War on America,Book review by Graham Alexander,https://www.cia.gov/resources/csi/studies-in-intelligence/volume-65-no-3-september-2021-special-issue/review-operation-dragon-inside-the-kremlins-secret-war-on-america/
361,KNN8KHFV,S9B7D98P,Dead Doubles: The Extraordinary Worldwide Hunt for one of the Cold War's mostt Notorious Spy Rings,Book review by Graham Alexander,https://www.cia.gov/resources/csi/studies-in-intelligence/volume-65-no-3-september-2021-special-issue/review-dead-doubles-the-extraordinary-worldwide-hunt-for-one-of-the-cold-wars-most-notorious-spy-rings/
362,Y6NJRFX5,Q5DKJT3Q,Sleeper Agent: The Atomic Spy in America Who Got Away,Book review J. E. Leonardson,https://www.cia.gov/resources/csi/studies-in-intelligence/volume-65-no-4-december-2021/review-sleeper-agent-the-atomic-spy-in-america-who-got-away/
363,Y8TTYQWX,9R44MZVD,Clarity in Crisis: Leadership Lessons from the CIA,Book review by Mike R.,https://www.cia.gov/resources/csi/studies-in-intelligence/volume-65-no-4-december-2021/review-clarity-in-crisis-leadership-lessons-from-the-cia/
364,YRDUIL5L,QKMVV2CZ,First Casualty: The Untold Story of the CIA Mission to Avenge 9/11,Book review by Mike R.,https://www.cia.gov/resources/csi/studies-in-intelligence/volume-66-no-1-march-2022/review-first-casualty-the-untold-story-of-the-cia-mission-to-avenge-9-11/
365,BN79I6LI,M36S9KDW,Nazis on the Potomac: The Top-Secret Intelligence Operation that Helped Win World War II,Book review by Warren Fishbein,https://www.cia.gov/resources/csi/studies-in-intelligence/volume-66-no-2-june-2022/review-nazis-on-the-potomac-the-top-secret-intelligence-operation-that-helped-win-world-war-ii/
366,DRNJPGQL,ZB85JHJA,Spying from the Sky: At the Controls of US Cold War Aerial Intelligence,Book review by David A. Welker,https://www.cia.gov/resources/csi/studies-in-intelligence/volume-66-no-3-september-2022/review-spying-from-the-sky-at-the-controls-of-u-s-cold-war-aerial-intelligence/
367,YZLSZKK4,PWMCXUBL,A Drop of Treason: Philip Agee and His Exposure of the CIA,Book review by Brent Geary,https://www.cia.gov/resources/csi/studies-in-intelligence/volume-66-no-3-september-2022/review-a-drop-of-treason-philip-agee-and-his-exposure-of-the-cia/
368,XP2M23FJ,I6FRQFFB,"The First Counterspy: Larry Haas, Bell Aircraft, and the FBI's Attempt to Capture a Soviet Mole",Book review by David A. Walker,https://www.cia.gov/resources/csi/studies-in-intelligence/volume-66-no-4-december-2022/review-the-first-counterspy-larry-haas-bell-aircraft-and-the-fbis-attempt-to-capture-a-soviet-mole/
369,9VCP7RQC,P9CACXI7,The KGB and the Vatican: Secrets of the Mitrokhin Files,Book review by John C.,https://www.cia.gov/resources/csi/studies-in-intelligence/volume-66-no-4-december-2022/review-the-kgb-and-the-vatican-secrets-of-the-mitrokhin-files/
370,WRMIM5GV,CWGJFM8B,Capturing Eichmann: The Memoirs of a Mossad Spymaster,Book review by Ian B. Ericson,https://www.cia.gov/resources/csi/studies-in-intelligence/studies-in-intelligence-67-no-1-extracts-march-2023/review-capturing-eichmann-the-memoir-of-a-mossad-spymaster/
371,FNSZP6VD,6V6QDP9F,White Malice: The CIA and the Neocolonisation of Africa,Book review by Charles Long,https://www.cia.gov/resources/csi/studies-in-intelligence/studies-in-intelligence-67-no-1-extracts-march-2023/review-white-malice-the-cia-and-the-covert-recolonization-of-africa/
372,33RS3V5G,YHYKNYM6,Hitler's Nest of Vipers: The Rise Of The Abwehr,Book review by Gramah Alexander,https://www.cia.gov/resources/csi/studies-in-intelligence/studies-in-intelligence-67-no-2-extracts-june-2023/review-hitlers-nest-of-vipers/
373,ZSKWQ4J9,9T68TY6G,"Hacker, Influencer, Faker, Spy: Intelligence Agencies in the Digital Age",Book review by Beth Whittaker,https://doi.org/10.1080/23738871.2024.2345682
374,I2W39UNL,9T68TY6G,"Hacker, Influencer, Faker, Spy: Intelligence Agencies in the Digital Age",Book review by Graham Alexander,https://www.cia.gov/resources/csi/studies-in-intelligence/studies-in-intelligence-67-no-2-extracts-june-2023/review-hacker-influence-faker-spy/
375,P9U6HPWV,PNNK4FZ4,Operation Rype: A WWII OSS Railway Sabotage Mission in Norway,Book review by J. R. Seeger,https://www.cia.gov/resources/csi/studies-in-intelligence/studies-in-intelligence-67-no-4-extracts-december-2023/review-operation-rype/
376,LZ7CNKBW,EYBVIE2G,"Covert Legions: U.S. Army Intelligence in Germany, 1944-1949",Book review by Scott A. Moseman,https://www.cia.gov/resources/csi/studies-in-intelligence/studies-in-intelligence-67-no-4-extracts-december-2023/review-covert-legions/
377,8ZRL7J8H,H392D2CI,The Black Cats of Osan: U-2 Spy Plane Escapades and Calamities in Korea,Book review by Kevin Ayers,https://www.cia.gov/resources/csi/studies-in-intelligence/studies-in-intelligence-67-no-4-extracts-december-2023/review-the-black-cats-of-osan/
378,26HFL9RW,GRZMNEPW,Trading Secrets: Spies and Intelligence in an Age of Terror,Book review by Michael S. Goodman,https://www.tandfonline.com/doi/full/10.1080/03071847.2013.826516
379,6LRJAIZL,CIWMC3SU,Crypto Wars: The Fight for Privacy in the Digital Age: A Political History of Digital Encryption,Book review by Ryan Shaffer,https://www.tandfonline.com/doi/full/10.1080/16161262.2023.2227025
380,7JCHKRKH,CAF9QMBT,"Von einer Freundschaft, die es nicht gab: Das Ministerium für Staatssicherheit der DDR und das polnische Innenministerium 1974–1990 [Of a friendship that did not exist: The GDR Ministry of State Security and the Polish Ministry of the Interior 1974-1990]",Book review by Duncan Bare,https://www.tandfonline.com/doi/full/10.1080/16161262.2021.1909971
381,AKS7KTAY,TU8LP3X5,"Intelligence Agencies, Technology and Knowledge Production: Data Processing and Information Transfer in Secret Services during the Cold War",Book review by Ryan Shaffer,https://www.tandfonline.com/doi/full/10.1080/16161262.2022.2132061
382,SNCDJ3EJ,3SNKN6RT,"Policing ‘Bengali Terrorism’ in India and the World: Imperial Intelligence and Revolutionary Nationalism, 1905-1939",Book review by Ryan Shaffer,https://www.tandfonline.com/doi/full/10.1080/16161262.2021.1882121
383,5CLJINJP,M57WPTL8,The spy and the traitor: the greatest espionage story of the cold war,Book review by David A. Foy,https://www.cia.gov/resources/csi/studies-in-intelligence/volume-63-no-1/the-spy-and-the-traitor-the-greatest-espionage-story-of-the-cold-war/
384,IP9PFRKQ,M57WPTL8,The spy and the traitor: the greatest espionage story of the cold war,Book review by Kiran H. Kaur,https://www.tandfonline.com/doi/full/10.1080/16161262.2020.1805954
385,UGSUGV8C,W2EIHX7J,Thatcher’s Spy: My Life as an MI5 Agent Inside Sinn Féin,Book review by Sebastian Rowe-Munday,https://www.tandfonline.com/doi/full/10.1080/16161262.2020.1826814
386,KMETE5H7,HRAS27S4,My Life as a Spy: Investigations in a Secret Police File,Book review by Ryan Shaffer,https://www.tandfonline.com/doi/full/10.1080/16161262.2020.1774236
387,AH9FV6KY,2C8RY9G6,Alastair Denniston: Code-breaking From Room 40 to Berkeley Street and the Birth of GCHQ,Book review by Chris Christensen,https://doi.org/10.1080/01611194.2018.1503209
388,5F76HMQ4,2C8RY9G6,Alastair Denniston: Code-breaking From Room 40 to Berkeley Street and the Birth of GCHQ,Book review by Ralph Erskine,https://www.tandfonline.com/doi/full/10.1080/16161262.2018.1484028
390,MH7XIDX9,NDWBXBJH,"Paranoid visions: Spies, conspiracies and the secret state in British television drama",Book review by Julian Schmid,https://www.tandfonline.com/doi/full/10.1080/16161262.2019.1592971
391,ATE74PQZ,FUHPAM4Q,Undercover: The True Story of Britain’s Secret Police by Paul Lewis and Rob Evans,Book review by Natasha Smith and Emma A. Hall,https://www.tandfonline.com/doi/full/10.1080/16161262.2019.1592962
392,3BSB3NSM,7D89JVW8,Silver: The Spy Who Fooled the Nazis - The Most Remarkable Spy of The Second World War,Book review by Ryan Shaffer,https://www.tandfonline.com/doi/full/10.1080/16161262.2017.1397399
393,AYJNHUPG,EEUU37R9,‘Keine Neue Gestapo’: Das Bundesamt für Verfassungsschutz und die NS-Vergangenheit [‘No New Gestapo’: the federal agency for the protection of the constitution and the NS-past],Book review by Thomas Boghardt,https://www.tandfonline.com/doi/full/10.1080/16161262.2016.1258251
394,THPKDWVK,WJ5SJDYS,"Company Confessions: Secrets, Memoirs, and the CIA",Book review by Mark Stout,https://www.tandfonline.com/doi/full/10.1080/16161262.2016.1258249
395,G6J7XQTX,WJ5SJDYS,"Company Confessions: Secrets, Memoirs, and the CIA",Book review by Pauline Blistene,https://www.tandfonline.com/doi/full/10.1080/02684527.2019.1607159
396,F6V5GTLA,ZV9NSUV6,"Faith, Unity, Discipline : The ISI of Pakistan",Book review by Ryan Shaffer,https://www.tandfonline.com/doi/full/10.1080/16161262.2017.1286447
397,4FN65TLC,A5HNFIWW,Pakistan's Inter-Services Intelligence Directorate: Covert Action and Internal Operations,Book review by Ryan Shaffer,https://www.tandfonline.com/doi/full/10.1080/16161262.2016.1276342
398,6EW3N3JJ,6B6G7Z4C,The end of intelligence: espionage and state power in the information age,Book review by Clara McDonnell and Stuart Shevlin,https://www.tandfonline.com/doi/full/10.1080/16161262.2016.1276341
399,V8ZR6QYJ,X3NV53K4,"The Protest Years: The Official History of ASIO, 1963-1975",Book review by Justin T. McPhee,https://www.tandfonline.com/doi/full/10.1080/16161262.2016.1276121
400,XT76SZ6J,TFEYSDB9,Inside Canadian Intelligence: Exposing the New Realities of Espionage and International Terrorism,Book review by Clara McDonnell and Stuart Shevlin,https://www.tandfonline.com/doi/full/10.1080/16161262.2016.1187430
401,ZZ5B9HEE,2AP4JUED,Israel's Silent Defender: An Inside Look at Sixty Years of Israeli Intelligence,Book review by Amos Gilboa,https://www.tandfonline.com/doi/full/10.1080/16161262.2021.1926121
402,WEI4YWWT,2AP4JUED,Israel's Silent Defender: An Inside Look at Sixty Years of Israeli Intelligence,Book review by Eyal Pascovich,https://www.tandfonline.com/doi/full/10.1080/16161262.2015.1067501
403,5TJVATJN,69UYHE8D,"The CIA and the Soviet Bloc: Political Warfare, the Origins of the CIA and Countering Communism in Europe",Book review by Moritz Gruban and Mazimilian Woidich,https://www.tandfonline.com/doi/full/10.1080/16161262.2015.1052640
404,V44YEN3B,RJADZQH5,The CIA in Hollywood: How the Agency Shapes Film and Television,Book review by Adagbo Onoja,https://www.tandfonline.com/doi/full/10.1080/16161262.2014.941525
405,4FL9BAZF,6WTH4GFB,Open Source Intelligence in a Networked World,Book review by Daniel W. B. Lomas,https://www.tandfonline.com/doi/full/10.1080/16161262.2014.941524
406,Y9KS36CX,D9SM68J7,"From Northern Ireland to Afghanistan: British Military Intelligence Operations, Ethics and Human Rights",Book review by Samantha Newbery,https://www.tandfonline.com/doi/full/10.1080/16161262.2014.931655
407,TIB4EG73,QRDX35SN,Argo: How the CIA and Hollywood Pulled Off the Most Audacious Rescue in History,Book review by Stuart Shevlin,https://www.tandfonline.com/doi/full/10.1080/16161262.2013.877553
408,LBHEQRMV,9FMS7SFR,Schattenwelten: Österreichs Geheimdienstchef erzählt [Shadow worlds: Austria's secret service chief tells],Book review by Paul Schliefsteiner,https://www.tandfonline.com/doi/full/10.1080/02684527.2023.2262768
409,X5RIQ4MC,IG2UZPPX,"Programmed to Kill: Lee Harvey Oswald, the Soviet KGB, and the Kennedy Assassination",Book review by Ben de Jong,https://www.tandfonline.com/doi/full/10.1080/16161262.2013.849397
411,GXIXGQIU,PZSI78Y5,Understanding the Globalization of Intelligence,Book review by Robert Hanyok,https://www.tandfonline.com/doi/full/10.1080/16161262.2013.806725
412,39LX837Y,PKE8XZVV,Humanitarian Intelligence: A Practitioner's Guide to Crisis Analysis and Project Design,Book review by Henry Prunckun,https://view.salusjournal.com/index.php/salusjournal/article/view/78
413,NT9CHMRX,W9X9QCE7,Spies and Sparrows: ASIO and the Cold War,Book review by Samantha Jones,https://view.salusjournal.com/index.php/salusjournal/article/view/147
414,SAG6XGZP,M347CRB5,"The Conduct of Intelligence in Democracies: Processes, Practices, Cultures",Book review by Joel Wickwire,https://gsis.scholasticahq.com/article/27838-review-of-the-conduct-of-intelligence-in-democracies-processes-practices-and-cultural-by-florina-cristiana-matei-and-carolyn-halladay
415,9V28JAY5,DCVCKCDI,"Reasoning for Intelligence Analysts: A Multidimensional Approach of Traits, Techniques, and Targets",Book review by Margaret S. Marangione,https://gsis.scholasticahq.com/article/27818-review-of-reasoning-for-intelligence-analysts-by-noel-hendrickson
416,LKKGGMCR,Z3WDAN3L,The Billion Dollar Spy: A True Story of Cold War Espionage and Betrayal,Book review by Robert Smith,https://gsis.scholasticahq.com/article/27782-review-of-the-billion-dollar-spy-a-true-story-of-cold-war-espionage-and-betrayal
417,72PKKJQ9,3VKZ37X8,On Intelligence: The History of Espionage and the Secret World,Book review by Adeyinka Makinde,https://gsis.scholasticahq.com/article/27779-review-of-on-intelligence-the-history-of-espionage-and-the-secret-world
418,57K5G8WB,KJQUTA29,Propaganda and Intelligence in the Cold War: The NATO information service,Book review by Stephen Coulthart,https://gsis.scholasticahq.com/article/27788-review-of-propaganda-and-intelligence-in-the-cold-war-the-nato-information-service
419,HPW7F2CJ,QHKYIEB9,Behind the Battle: Intelligence in the War with Germany 1939-1945,Book review by Brian Bond,https://journals.sagepub.com/doi/abs/10.1177/096834459500200313
420,LBET73H4,KUAQ2BGE,Secret Allies in the Pacific: Covert Intelligence and Code-Breaking prior to the Attack on Pearl Harbor,Book review by John W. M. Chapman,https://journals.sagepub.com/doi/abs/10.1177/096834450501200314
421,YZQFBRQI,5ZUMLCJD,A Century of Spies: Intelligence in the Twentieth Century,Book review by Michael Donovan,https://journals.sagepub.com/doi/abs/10.1177/096834459700400406
422,9ZD84JFR,FI27NRXM,Intelligence In War: Knowledge of the Enemy from Napoleon to Al-Qaeda,Book review Michael Warner,https://www.cia.gov/resources/csi/studies-in-intelligence/volume-48-no-2/intelligence-in-war-knowledge-of-the-enemy-from-napoleon-to-al-qaeda/
423,R37RQLLK,FI27NRXM,Intelligence In War: Knowledge of the Enemy from Napoleon to Al-Qaeda,Book review by Michael Herman,https://journals.sagepub.com/doi/abs/10.1191/0968344505wh327xx
424,DW7AEKWI,FFYJYIA7,Most Secret and Confidential: Intelligence in the Age of Nelson,Book review by T. A. Brooks,https://www.cia.gov/static/13b847c371eba2271205c1716cffe6b5/secret-confidential-nelson.pdf
425,D9TR2AXF,FFYJYIA7,Most Secret and Confidential: Intelligence in the Age of Nelson,Book review by N. A.M. Rodger,https://journals.sagepub.com/doi/abs/10.1177/096834450100800311
426,J5J4IKAY,FFYJYIA7,Most Secret and Confidential: Intelligence in the Age of Nelson,Book review by Robert E. Johnson,https://www.tandfonline.com/doi/abs/10.1080/03612759.2000.10525668
427,H329NMNQ,LUHGRVPV,Nothing Is Beyond Our Reach: America's Techno-Spy Empire,Book review by James Witkoski,https://www.tandfonline.com/doi/full/10.1080/02684527.2023.2243164
428,YQZBE7LF,N72D2SEW,A Life in the Shadows: A Memoir [Memoir of an Indian spymaster],Book review by Ryan Shaffer,https://www.tandfonline.com/doi/full/10.1080/02684527.2023.2203070
430,A4ZZMJBP,7GQ6VTMV,Operation Payback: Soviet Disinformation and Alleged Nazi War Criminals in North America,Book review by John A. Gentry,https://www.tandfonline.com/doi/full/10.1080/02684527.2023.2174641
431,9GXSC2XR,EB59PQ6X,"Artificial intelligence and the future of warfare: The USA, China, and strategic stability",Book review by Mark Grzegorzewski,https://www.tandfonline.com/doi/full/10.1080/02684527.2022.2164601
432,WRYUUGMG,QTJL4RZU,"Internal Security Management in Nigeria: Perspectives, Challenges and Lessons",Book review by Ryan Shaffer,https://www.tandfonline.com/doi/full/10.1080/02684527.2022.2090506
433,ZPRME9C8,D866S3HA,"Spies, Lies, and Exile: The Extraordinary Story of Russian Double Agent George Blake",Book review by Kurt F. Jensen,https://www.tandfonline.com/doi/full/10.1080/02684527.2021.2018110
434,FZX8I6LR,4ZULLN2G,"The Spymaster of Baghdad: A True Story of Bravery, Family, and Patriotism in the Battle against ISIS",Book review by Graham Alexander,https://www.cia.gov/resources/csi/studies-in-intelligence/volume-65-no-2-june-2021/the-spymaster-of-baghdad-a-true-story-of-bravery-family-and-patriotism-in-the-battle-against-isis/
435,WF7IPRFD,4ZULLN2G,"The Spymaster of Baghdad: A True Story of Bravery, Family, and Patriotism in the Battle against ISIS",Book review by Ryan Shaffer,https://www.tandfonline.com/doi/full/10.1080/02684527.2021.1914892
436,UMNDMCV3,6XE62XRE,Big Data Surveillance and Security Intelligence: The Canadian Case,Book review by Kurt F. Jensen,https://www.tandfonline.com/doi/full/10.1080/02684527.2021.1911394
437,JTTFR7LB,3BXTQIEV,Diplomacy and Intelligence in the Nineteenth-Century Mediterranean World,Book review by T. G. Otte,https://www.tandfonline.com/doi/full/10.1080/02684527.2021.1876011
438,Q4F9JZKJ,XZQU5CZP,How Spies Think: Ten Lessons in Intelligence,Book review by Gill Bennett and John Scarlett,https://www.tandfonline.com/doi/full/10.1080/03071847.2021.1876973
439,TTYZRDGM,XZQU5CZP,How Spies Think: Ten Lessons in Intelligence,Book review by Kurt F. Jensen,https://www.tandfonline.com/doi/full/10.1080/02684527.2021.1874630
440,YG4H2EBV,HDUHMJV9,"Soviet Defectors: Revelations of Renegade Intelligence Officers, 1924-1954",Book review by Stephen Welch,https://www.tandfonline.com/doi/full/10.1080/02684527.2021.1871807
441,BENADT7D,BXU4L6CN,Head of the Mossad: In Pursuit of a Safe and Secure Israel,Book review by Ryan Shaffer,https://www.tandfonline.com/doi/full/10.1080/02684527.2021.1871706
444,VXY93PP5,8E5WDFRY,Secret History: Writing the Rise of Britain's Intelligence Services,Book review Charlotte Yelamos,https://www.tandfonline.com/doi/full/10.1080/16161262.2021.1882119
445,KFN7WFTM,8E5WDFRY,Secret History: Writing the Rise of Britain's Intelligence Services,Book review by Anthony Glees,https://www.tandfonline.com/doi/full/10.1080/02684527.2020.1804125
446,NBGS6PV4,IL25EPYP,Intelligence in the National Security Enterprise: An introduction,Book review by John A. Gentry,https://www.tandfonline.com/doi/full/10.1080/02684527.2020.1857497
447,DBRGKND7,JMPV3752,RAW: A History of India's Covert Operations,Book review by Ryan Shaffer,https://www.tandfonline.com/doi/full/10.1080/02684527.2020.1848299
449,PN9EIBBT,TL6K8UMD,"Anglo-European Intelligence Cooperation: Britain in Europe, Europe in Britain",Book review by Christian Kaunert,https://www.tandfonline.com/doi/full/10.1080/02684527.2020.1832392
450,7YZ9VPH2,TL6K8UMD,"Anglo-European Intelligence Cooperation: Britain in Europe, Europe in Britain",Book review by Damien Rogers,https://academic.oup.com/ia/article-abstract/96/5/1421/5901394?redirectedFrom=fulltext
451,EPHCP4IL,58JTMPWD,"The Targeter: My Life in the CIA, Hunting Terrorists and Challenging the White House",Book review by Philip Giurlando,https://www.tandfonline.com/doi/full/10.1080/02684527.2020.1825133
452,A4IZFTXZ,7M7UU4RS,"Law, Politics and Intelligence: A life of Robert Hope",Book review by John Blaxland,https://www.tandfonline.com/doi/full/10.1080/02684527.2020.1807676
453,W5GNMHXF,Z4QXCL45,Venice's Secret Service: Organizing Intelligence in the Renaissance,Book review by Joshua Rushton,https://www.tandfonline.com/doi/full/10.1080/16161262.2021.1882120
454,MR2TCRDD,Z4QXCL45,Venice's Secret Service: Organizing Intelligence in the Renaissance,Book review by Ian Oxnevad,https://www.tandfonline.com/doi/full/10.1080/02684527.2020.1806457
455,8G9JI5Q9,FMJ9XYRE,"The Rising Clamor: The American Press, the Central Intelligence Agency, and the Cold War",Book review by Colin McCullough,https://www.tandfonline.com/doi/full/10.1080/02684527.2020.1790132
456,VMSF875G,I8H9XP4S,Activists Under Surveillance: The FBI Files,Book review by Philip Giurlando,https://www.tandfonline.com/doi/full/10.1080/02684527.2020.1790131
458,NM4KJI93,2U2JX4I8,"No Shadows in the Desert: Murder, Vengeance, and Espionage in the War Against ISIS",Book review by Ryan Shaffer,https://www.tandfonline.com/doi/full/10.1080/02684527.2020.1772451
459,A9K9T7DF,QBIZWZ6Q,"Agents of Influence: A British Campaign, a Canadian Spy, and the Secret Plot to Bring America into World War II",Book review by Kurt F. Jensen,https://www.tandfonline.com/doi/full/10.1080/02684527.2020.1770934
460,GXZCSGQD,FUFK72QQ,"The Authorised History of British Defence Economic Intelligence: A Cold War in Whitehall, 1929-90",Book review by David Omand,https://www.tandfonline.com/doi/full/10.1080/02684527.2020.1756628
461,IUTBS3DG,NR2FWIXF,The Skripal Files: The Life and Near Death of a Russian Spy,Book review by Daniel Carthy,https://www.tandfonline.com/doi/full/10.1080/02684527.2020.1746127
463,L82789ET,UJDZM8AP,The Spy in Moscow Station: A Counterspy’s Hunt for a Deadly Cold War Threat,Book review by Ryan Shaffer,https://www.tandfonline.com/doi/full/10.1080/16161262.2020.1826810
464,AHV29JPW,UJDZM8AP,The Spy in Moscow Station: A Counterspy’s Hunt for a Deadly Cold War Threat,Book review by Berenice Burnett,https://www.tandfonline.com/doi/full/10.1080/02684527.2020.1746126
465,AGNRGWX3,ZDLKS6MN,To Catch a Spy: The Art of Counterintelligence,Book review by Mark Soares,https://www.tandfonline.com/doi/full/10.1080/02684527.2020.1746125
466,DUDBLFDJ,XSAD99K7,R.N. Kao: Gentleman Spymaster,Book review by Ryan Shaffer,https://www.tandfonline.com/doi/full/10.1080/02684527.2020.1719461
467,VNGTSV3Y,9NX5KICS,Spies: The U.S. and Russian Espionage Game from the Cold War to the 21st Century,Book review by Kevin Riehle,https://www.tandfonline.com/doi/full/10.1080/02684527.2020.1711559
468,FA2TBNXN,IJZZBAKD,"Beyond Snowden: Privacy, Mass Surveillance, and the Struggle to Reform the NSA",Book review by Emma Harries,https://www.tandfonline.com/doi/full/10.1080/02684527.2020.1711558
469,2JRCYX9R,UKRBEM2F,"Chile, the CIA and the Cold War: A Transatlantic Perspective",Book review by Ryan Shaffer,https://www.tandfonline.com/doi/full/10.1080/02684527.2019.1686680
470,UT9BGXNL,UKRBEM2F,"Chile, the CIA and the Cold War: A Transatlantic Perspective",Book review by Haiyi Zhang and Qingyi Meng,https://doi.org/10.1080/16161262.2023.2234748
471,RANFT4XE,4FBJS5AD,Principled spying: the ethics of secret intelligence,Book review by John Scarlett,https://www.tandfonline.com/doi/full/10.1080/03071847.2018.1529914
472,FBHYZRYT,4FBJS5AD,Principled spying: the ethics of secret intelligence,Book review by Emma Harries,https://www.tandfonline.com/doi/full/10.1080/02684527.2019.1665777
473,FCA99GCU,YGDLCHFK,The Ghosts of Langley: Into the CIA's Heart of Darkness,Book review by Hayden Peake,https://www.cia.gov/resources/csi/studies-in-intelligence/volume-62-no-2/the-ghosts-of-langley-into-the-cias-heart-of-darkness/
474,4UPSNTYR,YGDLCHFK,The Ghosts of Langley: Into the CIA's Heart of Darkness,Book review by Kurt F. Jensen,https://www.tandfonline.com/doi/full/10.1080/02684527.2019.1658175
475,9F6HLA4T,EGN4PFM2,The CIA and the Politics of US Intelligence Reform,Book review by Brent Durbin,https://www.cia.gov/resources/csi/studies-in-intelligence/volume-63-no-1/the-cia-and-the-politics-of-us-intelligence-reform/
476,3WZM9QJT,EGN4PFM2,The CIA and the Politics of US Intelligence Reform,Book review by Kurt F. Jensen,https://www.tandfonline.com/doi/full/10.1080/02684527.2019.1633064
477,44V2SSLZ,PJSGML5A,"Intelligence, Biosecurity and Bioterrorism",Book review by Kathleen M. Vogel,https://www.tandfonline.com/doi/full/10.1080/02684527.2019.1622265
478,WJJ3YX5S,P6VYLHZZ,The Anatomy of a Traitor: A history of espionage and betrayal,Book review by Emma Harries,https://www.tandfonline.com/doi/full/10.1080/02684527.2019.1620554
480,AY7INUVJ,U5DPYT83,The Future of Intelligence,Book review by Kurt F. Jensen,https://www.tandfonline.com/doi/full/10.1080/02684527.2019.1620553
481,GNMCXHGS,LXICKDV2,In the Enemy's House: The Secret Saga of the FBI Agent and the Code Breaker Who Caught the Russian Spies,Book review by Kevin Riehle,https://www.tandfonline.com/doi/full/10.1080/02684527.2019.1589034
482,X8XJD86X,X8L9KDMA,"Stalin's Defectors: How Red Army Soldiers became Hitler's Collaborators, 1941-1945",Book review by Kevin Riehle,https://www.tandfonline.com/doi/full/10.1080/02684527.2019.1589033
483,3HCMDSGD,VUG5G4PP,Intelligence Governance and Democratisation: A Comparative Analysis of the Limits of Reform,Book review by Reg Whitaker,https://www.tandfonline.com/doi/full/10.1080/02684527.2019.1571691
487,WJ4N56Y2,4YPPZG4S,The Unending Game: A Former R&AW Chief’s Insights into Espionage,Book review by Ryan Shaffer,https://www.tandfonline.com/doi/full/10.1080/02684527.2018.1532625
488,G92TJF9Q,BN9FKPQ4,Spy Watching: Intelligence Accountability in the United States,Book review by Jason Manosevitz,https://www.cia.gov/resources/csi/studies-in-intelligence/volume-62-no-3/spy-watching-intelligence-accountability-in-the-united-states/
489,WEPMNVVY,BN9FKPQ4,Spy Watching: Intelligence Accountability in the United States,Book review by Christopher R. Moran,https://www.tandfonline.com/doi/full/10.1080/02684527.2018.1505111
490,EUMMYSLF,XSWV6235,"The Foundation of the CIA: Harry Truman, The Missouri Gang, and the Origins of the Cold War",Book review by Cody Carlson,https://www.tandfonline.com/doi/full/10.1080/02684527.2018.1492064
491,46Q4VD8W,K7E4SR8W,"Disrupt and Deny: Spies, Special Forces, and the Secret Pursuit of British Foreign Policy",Book review by Luca Trenta,https://www.tandfonline.com/doi/full/10.1080/02684527.2018.1492060
492,TRJGQFLF,3MK5VCQD,The Debs of Bletchley Park,Book review by Maria Robson,https://www.tandfonline.com/doi/full/10.1080/02684527.2018.1430672
493,D5ZT486N,ALFW255Y,Hitler's Fremde Heere Ost: German Military Intelligence on the Eastern Front 1942-45,Book review by Cody Carlson,https://www.tandfonline.com/doi/full/10.1080/02684527.2018.1430671
494,J3ZA5F54,RHQDJBZY,"The Secret War in Afghanistan: The Soviet Union, China and Anglo-American Intelligence in the Afghan War",Book review by Alex Marshall,https://journals.sagepub.com/doi/abs/10.1177/0968344514526634j
495,4N2ME8RM,RHQDJBZY,"The Secret War in Afghanistan: The Soviet Union, China and Anglo-American Intelligence in the Afghan War",Book review by John R. Wood,https://www.tandfonline.com/doi/full/10.1080/02684527.2017.1397867
496,N52RDQEP,7YNSEAPR,Why Spy?: The Art of Intelligence,Book review by Kurt F. Jensen,https://www.tandfonline.com/doi/full/10.1080/02684527.2017.1357888
497,2GQJRJJ8,C2MBZI3F,Spymaster: Startling Cold War Revelations of a Soviet KGB Chief,Book review by Kurt F. Jensen,https://www.tandfonline.com/doi/full/10.1080/02684527.2017.1357886
498,5JAFSI7A,TFWV2FHX,"State Department Counterintelligence: Leaks, Spies, and Lies",Book review by John D. Stempel,https://www.tandfonline.com/doi/full/10.1080/02684527.2017.1357262
500,DT6I96HZ,5KDHFLAR,Patriotic betrayal: the inside story of the CIA’s secret campaign to enroll American students in the crusade against communism,Book review by Kathryn S. Olmsted,https://www.tandfonline.com/doi/full/10.1080/02684527.2017.1357270
501,ELJNWPRT,IKCK97G7,"Intelligence, National Security, and Foreign Policy -A South Asian Narrative",Book review by Ryan Shaffer,https://www.tandfonline.com/doi/full/10.1080/02684527.2017.1327136
502,7P8SKWWM,LMFKLXJD,Disciples: The World War II Missions of the CIA Directors Who Fought for Wild Bill Donovan,Book review by Denis Clift,https://www.tandfonline.com/doi/full/10.1080/02684527.2017.1296656
503,9B5PZVQL,9AUWDGN9,Playing to the edge: American intelligence in the age of terror,Book review by Hayden Peake,https://www.cia.gov/resources/csi/studies-in-intelligence/volume-60-no-2/playing-to-the-edge-american-intelligence-in-the-age-of-terror-233-8kb/
504,35M4WE3H,9AUWDGN9,Playing to the edge: American intelligence in the age of terror,Book review by Nicholas Dujmovic,https://www.tandfonline.com/doi/full/10.1080/02684527.2017.1296649
505,HPGFXB3M,GKD9QQTX,"Constructing Cassandra: Reframing Intelligence Failure at the CIA, 1947–2001",Book review by Randy P. Burkett,https://www.cia.gov/resources/csi/studies-in-intelligence/volume-61-no-4/constructing-cassandra-reframing-intelligence-failure-at-the-cia-1947-2001/
506,UNA5S9V6,GKD9QQTX,"Constructing Cassandra: Reframing Intelligence Failure at the CIA, 1947–2001",Book review by David Charters,https://www.tandfonline.com/doi/full/10.1080/02684527.2016.1182726
507,SMVTEF72,6DHEY74U,Gabrielle Petit: The Death and Life of a Female Spy in the First World War,Book review by Erika Huckestein,https://www.tandfonline.com/doi/full/10.1080/02684527.2016.1176694
508,S8HL5H2Z,C7NG9WUM,The Secret War Between the Wars: MI5 in the 1920s and 1930s,Book review by Jason Dymydiuk,https://www.tandfonline.com/doi/full/10.1080/16161262.2016.1181953
509,MNPHV39H,C7NG9WUM,The Secret War Between the Wars: MI5 in the 1920s and 1930s,Book review by Glen Segell,https://www.tandfonline.com/doi/full/10.1080/16161262.2015.1114311
510,KHLU7HRP,C7NG9WUM,The Secret War Between the Wars: MI5 in the 1920s and 1930s,Book review by Christopher Pennington,https://www.tandfonline.com/doi/full/10.1080/02684527.2016.1148294
511,4TIPFFM8,SX8IM9TR,"Fighting EOKA: The British Counter–Insurgency Campaign on Cyprus, 1955-1959",Book review by Martin Thomas,https://www.tandfonline.com/doi/full/10.1080/02684527.2015.1125209
512,6M3YZPUY,STFX54Y3,Stalin's Englishman: The Lives of Guy Burgess,Book review by Daniel W. B. Lomas,https://www.tandfonline.com/doi/full/10.1080/16161262.2019.1592986
513,TQRXJRCQ,STFX54Y3,Stalin's Englishman: The Lives of Guy Burgess,Book review by Rhodri Jeffreys-Jones,https://www.tandfonline.com/doi/full/10.1080/02684527.2015.1116271
514,JQT2ZHSF,EV6EFF8E,The Cambodian Wars: Clashing Armies and CIA Covert Operations,Book review by Nathaniel L. Moir,https://www.tandfonline.com/doi/full/10.1080/02684527.2016.1162983
515,YRZA8HI2,RZKGJV5K,"The Secret Anglo-French War in the Middle East: Intelligence and Decolonization, 1940-1948",Book review by Nathaniel L. Moir 2,https://www.tandfonline.com/doi/full/10.1080/16161262.2017.1309170
516,Y83NRB3U,RZKGJV5K,"The Secret Anglo-French War in the Middle East: Intelligence and Decolonization, 1940-1948",Book review by Nathaniel L. Moir,https://www.tandfonline.com/doi/full/10.1080/16161262.2016.1276122
517,L8GSJUWM,RZKGJV5K,"The Secret Anglo-French War in the Middle East: Intelligence and Decolonization, 1940-1948",Book review by Steven B. Wagner,https://www.tandfonline.com/doi/full/10.1080/02684527.2015.1093293
518,W4MNPY35,5HB4NEN5,"Secret Intelligence in the European States System, 1918-1989",Book review by Cecilia N. Burch,https://www.tandfonline.com/doi/full/10.1080/02684527.2015.1077621
519,ZSZGLH84,XYT3HVZM,The Ethics of Intelligence: A new framework,Book review by Danielle K. Johnson,https://gsis.scholasticahq.com/article/27772-review-of-the-ethics-of-intelligence-a-new-framework-studies-in-intelligence-series
520,3C8D3KNH,XYT3HVZM,The Ethics of Intelligence: A new framework,Book review by Jan Goldman,https://www.tandfonline.com/doi/full/10.1080/02684527.2015.1058618
521,QZK9U2GV,UYJLHRXQ,"Stalin’s American Spy: Noel Field, Allen Dulles & the East European Show Trials",Book review by Simon Miles,https://www.tandfonline.com/doi/full/10.1080/02684527.2015.1026561
522,ZYTBXD4X,UN9QUB37,"Britannia and the Bear: The Anglo-Russian Intelligence Wars, 1917-1929",Book review by Tony E. Demchak,https://www.tandfonline.com/doi/full/10.1080/16161262.2017.1404760
523,YM6G3MSG,WAQWV6EJ,The Spy Who Came In from the Co-op: Melita Norwood and the Ending of Cold War Espionage,Book review by Jessica Shahan,https://www.tandfonline.com/doi/full/10.1080/02684527.2015.1008211
524,UBNQU6CH,MZ56HZKZ,Smersh: Stalin’s Secret Weapon Soviet military counterintelligence in WWII,Book review by Alexander Hill,https://www.tandfonline.com/doi/full/10.1080/02684527.2013.862967
525,W7N7SDD4,5MVLZSGJ,"Spying on the World: The Declassified Documents of the Joint Intelligence Committee, 1936-2013",Book review by Colin Atkinson,https://www.tandfonline.com/doi/full/10.1080/02684527.2015.1008206
526,ZIG8D7K2,X7LN63HJ,The Hidden Hand: A Brief History of the CIA,Book review by Bleddyn E. Bowen,https://www.tandfonline.com/doi/full/10.1080/02684527.2015.1008207
527,3CEID8YA,SLJH5C7B,"The Spy Catchers: The Official History of ASIO, 1949-1963",Book review by Christopher Waters,https://www.tandfonline.com/doi/full/10.1080/02684527.2015.1004878
528,UJTCIBCK,KU8EP865,MI5 in the Great War,Book review by Adam D. Johnson,https://www.tandfonline.com/doi/full/10.1080/02684527.2014.994956
529,Y5AGJG8B,54EG8LGJ,Intelligence in the Cold War: What Difference did it Make?,Book review by Sigurd Hess,https://www.tandfonline.com/doi/full/10.1080/16161262.2013.840140
530,D32BFLF9,54EG8LGJ,Intelligence in the Cold War: What Difference did it Make?,Book review by James J. Wirtz,https://www.tandfonline.com/doi/full/10.1080/02684527.2014.980536
531,P7YDZ6GL,QS4KU6QG,"The Zhivago Affair: The Kremlin, the CIA, and the Battle over a Forbidden Book",Book review by P. J. Neal,https://www.cia.gov/resources/csi/studies-in-intelligence/volume-59-no-2/the-zhivago-affair-the-kremlin-the-cia-and-the-battle-over-a-forbidden-book/
532,H82YS53W,QS4KU6QG,"The Zhivago Affair: The Kremlin, the CIA, and the Battle over a Forbidden Book",Book review by Will Fripp,https://www.tandfonline.com/doi/full/10.1080/02684527.2014.955671
533,878KII75,7S7HMP72,"Secret Cables of the Comintern, 1933-1943",Book review by Peter Vronsky,https://www.tandfonline.com/doi/full/10.1080/02684527.2014.952933
534,BDZFGH55,8U8UIG97,In Spies We Trust: The Story of Western Intelligence,Book review by John Ehrman and Jason Manosevitz,https://www.cia.gov/resources/csi/studies-in-intelligence/volume-58-no-2/in-spies-we-trust-the-story-of-western-intelligence/
535,9U9WYMYN,8U8UIG97,In Spies We Trust: The Story of Western Intelligence,Book review by Susan McCall Perlman,https://www.tandfonline.com/doi/full/10.1080/16161262.2016.1276124
536,89YUBR5Y,8U8UIG97,In Spies We Trust: The Story of Western Intelligence,Book review by Timothy A. Sayle,https://www.tandfonline.com/doi/full/10.1080/02684527.2014.947697
537,JY29B48A,KIFHJRCD,Essence of assessment: methods and problems of intelligence analysis,Book review by Kristan J. Wheaton,https://www.tandfonline.com/doi/full/10.1080/02684527.2014.924260
538,F9W7IL4G,FIPJVS6D,Intelligence and surprise attack: failure and success from Pearl Harbor to 9/11 and beyond,Book review by Randy P. Burkett,https://www.cia.gov/resources/csi/studies-in-intelligence/volume-61-no-4/constructing-cassandra-reframing-intelligence-failure-at-the-cia-1947-2001/
539,QZTSFZYY,FIPJVS6D,Intelligence and surprise attack: failure and success from Pearl Harbor to 9/11 and beyond,Book review by Jeffrey G. Karam,https://www.tandfonline.com/doi/full/10.1080/02684527.2014.896506
540,CSN7LB8C,IYMBJFBK,Spies in the Continental Capital: Espionage Across Pennsylvania During the American Revolution,Book review by Alexander Rose,https://www.tandfonline.com/doi/full/10.1080/02684527.2014.896504
541,DJLEWRXS,5M6PF49X,Endless Enemies: Inside FBI Counterterrorism,Book review by Rhodri Jeffreys-Jones,https://www.tandfonline.com/doi/full/10.1080/02684527.2013.862969
542,2DN3UN4C,N4VPZZDN,Routledge Companion to Intelligence Studies,Book review by Rhodri Jeffreys-Jones,https://www.tandfonline.com/doi/full/10.1080/02684527.2013.855388
543,9E8F36PU,CIUUHT2Q,"The Way of the Knife: The CIA, a secret army, and a war at the ends of the earth",Book review by Richard T. Willing,https://www.cia.gov/resources/csi/studies-in-intelligence/volume-57-no-3/the-way-of-the-knife-the-cia-a-secret-army-and-a-war-at-the-ends-of-the-earth-2/
544,GKEKKYQM,CIUUHT2Q,"The Way of the Knife: The CIA, a secret army, and a war at the ends of the earth",Book review by J. R. Seeger,https://www.cia.gov/resources/csi/studies-in-intelligence/volume-57-no-4/the-way-of-the-knife-the-cia-a-secret-army-and-a-war-at-the-ends-of-the-earth/
545,DUQBUJSQ,CIUUHT2Q,"The Way of the Knife: The CIA, a secret army, and a war at the ends of the earth",Book review by Loch K. Johnson,https://www.tandfonline.com/doi/full/10.1080/02684527.2014.913393
546,9B687FT8,IYRMMF7W,"Empire of Secrets: British Intelligence, the Cold War and the Twilight of Empire",Book review by Matthew Hughes,https://www.tandfonline.com/doi/full/10.1080/02684527.2013.814283
547,CPIENKNF,XK8INETF,"The last ambassador: August Torma, soldier, diplomat, spy",Book review by Karsten Brüggemann,https://www.tandfonline.com/doi/full/10.1080/02684527.2013.810932
548,CHFGP58C,L8DJXANY,"Intelligence and U.S. Foreign Policy: Iraq, 9/11, and Misguided Reform",Book review by Gregory F. Treverton,https://www.tandfonline.com/doi/full/10.1080/02684527.2013.786616
549,UXLVXWYJ,H299JXUN,"The Zimmermann Telegram: Intelligence, Diplomacy, and America's Entry into World War I",Book review by John Ehrman,https://www.cia.gov/resources/csi/studies-in-intelligence/volume-57-no-2/the-zimmermann-telegram-intelligence-diplomacy-and-americas-entry-into-world-war-i/
550,NXYAWVAF,H299JXUN,"The Zimmermann Telegram: Intelligence, Diplomacy, and America's Entry into World War I",Book review by Ross A. Kennedy,https://www.tandfonline.com/doi/full/10.1080/02684527.2013.799367
551,9S9RS8LL,WBSFL86N,The Politics of Counterterrorism in India: Strategic Intelligence and National Security in South Asia,Book review by Chris Ogden,https://www.tandfonline.com/doi/full/10.1080/02684527.2013.795090
552,9T33D6MT,CVE8F389,"The British Way in Counter-Insurgency, 1945-1967",Book review by Martin Thomas,https://www.tandfonline.com/doi/full/10.1080/02684527.2013.789675
553,THVDWXK5,BLDNK92B,On the Edge of the Cold War: American Diplomats and Spies in Postwar Prague,Book review by Brent Durbin,https://www.tandfonline.com/doi/full/10.1080/02684527.2013.786609
554,FZYTEW8P,P4H6RAMK,Blinking Red: Crisis and Compromise in American Intelligence after 9/11,Book review by Loch K. Johnson,https://www.tandfonline.com/doi/full/10.1080/02684527.2013.876743
555,YLBCD8BZ,NLIDNGQK,Operation Mincemeat: how a dead man and a bizarre plan fooled the Nazis and assured an allied victory,Book review by Jonathan D. Beard,https://www.tandfonline.com/doi/full/10.1080/02684527.2012.755064
556,YZS9DD3Y,RMFP9VCM,"A King's Ransom: The Life of Charles Théveneau de Morande, Blackmailer, Scandalmonger & Master-Spy",Book review by Richard Aldrich,https://www.tandfonline.com/doi/full/10.1080/02684527.2012.755059
557,Z29NEW67,FX7A2BTI,Challenges in Intelligence Analysis: Lessons from 1300 BCE to the Present,Book review by Glenn Hastedt,https://www.tandfonline.com/doi/full/10.1080/02684527.2012.755046
558,TZY4I25Q,RJPVAGIF,Queen's Agent: Francis Walsingham at the Court of Elizabeth I,Book review by Jayne E. Archer,https://www.tandfonline.com/doi/full/10.1080/02684527.2012.753200
559,8JMA7W7M,5LB3G7G4,"Attack on Pearl Harbor: Strategy, Combat, Myths, Deceptions",Book review by Robert Hanyok,https://www.tandfonline.com/doi/full/10.1080/02684527.2013.786606
560,ZKBMUJPN,7KHRMQAW,"""In the Interest of Democracy"": The Rise and Fall of the Early Cold War Alliance Between the American Federation of Labor and the Central Intelligence Agency",Book review by Hugh Wilford,https://www.tandfonline.com/doi/full/10.1080/02684527.2013.786605
561,RAYVCHNG,LSRU4IBQ,Intel Wars: The Secret History of the Fight Against Terror,Book review by Erik J. Dahl,https://www.tandfonline.com/doi/full/10.1080/02684527.2012.735075
562,E2LRDKC5,QGIV573T,Vietnam Declassified: The CIA and Counterinsurgency,Book review by Benjamin Baker and Nicholas Horton,https://www.tandfonline.com/doi/full/10.1080/16161262.2014.905349
563,EYCG4PXG,QGIV573T,Vietnam Declassified: The CIA and Counterinsurgency,Book review by Kevin M. Boylan,https://www.tandfonline.com/doi/full/10.1080/02684527.2012.713788
577,5WNZGMLT,E8A2S3KE,"Treachery: Betrayals, Blunders and Cover-Ups: Six Decades of Espionage",Book review by Huw Dylan,https://www.tandfonline.com/doi/full/10.1080/02684527.2011.630443
578,MHR2USN7,5WJHGUT9,Preventing Catastrophe: The Use and Misuse of Intelligence in Efforts to Halt the Proliferation of Weapons of Mass Destruction,Book review by Thomas Copeland,https://www.tandfonline.com/doi/full/10.1080/02684527.2011.628540
580,G26KTWGI,I2WS2HPD,Intelligence Communities and Cultures in Asia and the Middle East: A Comprehensive Reference,Book review by Ryan Shaffer,https://www.tandfonline.com/doi/full/10.1080/02684527.2021.1990461?af=R
581,U22GDGPL,WHBJADQZ,The Sentinel State: Surveillance and the Survival of Dictatorship in China,Book review by Jefferson Adams,https://doi.org/10.1080/08850607.2024.2376074
582,Q8T6QCN2,W7GIMZED,"Cyber Intelligence: Actors, Policies, and Practices",Book review by C. Dale Walton,https://www.tandfonline.com/doi/abs/10.1080/01495933.2023.2295243
583,58QY8R6X,R75CN2HR,The Hidden War in Argentina: British and American Espionage in World War II,Book review,https://www.tandfonline.com/doi/full/10.1080/08850607.2019.1710897
584,XNTZGJRK,9WUHZR2X,Chinese Industrial Espionage: Technology Acquisition and Military Modernisation,Book review by Arthuro G. Munoz,https://www.cia.gov/resources/csi/studies-in-intelligence/volume-59-no-4/chinese-industrial-espionage-technology-acquisition-and-military-modernization/
585,9Q4N6V4B,AJLLLWUJ,"Spying for the People: Mao's Secret Agents, 1949–1967",Book review by Sergey Radchenko,https://www.tandfonline.com/doi/full/10.1080/02684527.2015.1094893
586,P3KXJNEG,632JQCPF,The Tao Of Spycraft: Intelligence Theory And Practice In Traditional China,Book review by John W. Killingrew,https://journals.sagepub.com/doi/abs/10.1177/096834450000700309
587,VUKDH9RH,24MKBRHC,Soviet Leaders and Intelligence: Assessing the American Adversary during the Cold War,Book review by Geoffrey Roberts,https://www.tandfonline.com/doi/full/10.1080/14682745.2016.1153850
589,ICTS8X3J,UT4HMJQF,Spies for the Sultan: Ottoman Intelligence in the Great Rivalry with Spain,Book review by Alexander Lapsker,https://doi.org/10.1080/02684527.2025.2557732
590,QGQDF8WZ,UT4HMJQF,Spies for the Sultan: Ottoman Intelligence in the Great Rivalry with Spain,Book review by Nicole K. Drumhiller,https://doi.org/10.1080/08850607.2024.2411188
591,M84WMKHM,P98ZXEY8,The Russian FSB: A Concise History of the Federal Security Service,Book review by Peter Meedom,https://doi.org/10.1080/02684527.2026.2730020
592,KGTME7TQ,P98ZXEY8,The Russian FSB: A Concise History of the Federal Security Service,Book review by William T. Murphy,https://doi.org/10.1080/08850607.2024.2370217
593,DLNMTKAG,PEQGJIEP,"Spy Pilot: Francis Gary Powers, the U-2 Incident, and a Controversial Cold War Legacy",Book review by David A. Foy,https://www.cia.gov/resources/csi/studies-in-intelligence/volume-63-no-2/spy-pilot-francis-gary-powers-the-u-2-incident-and-a-controversial-cold-war-legacy/
594,X86EGK4K,PEQGJIEP,"Spy Pilot: Francis Gary Powers, the U-2 Incident, and a Controversial Cold War Legacy",Book review by Kyle Cunliffe,https://www.tandfonline.com/doi/full/10.1080/02684527.2021.1903675
595,H32CS68U,C69SRCN3,Japanese Foreign Intelligence and Grand Strategy: From the Cold War to the Abe Era,Book review by W. Lee Radcliffe,https://www.cia.gov/resources/csi/studies-in-intelligence/volume-66-no-1-march-2022/review-japanese-foreign-intelligence-and-grand-strategy-from-the-cold-war-to-the-abe-era/
596,6DVE494F,IIKNCZ3J,Nisei linguists: Japanese Americans in the Military Intelligence Service During World War II (Paperbound),Book review by Stephen C. Mercado,https://www.cia.gov/resources/csi/studies-in-intelligence/volume-52-no-4/nisei-linguists-japanese-americans-in-the-military-intelligence-service-during-world-war-ii/
597,2EQDWNR5,6FDPDI3C,Chasing Spies: How the FBI Failed in Counter-Intelligence But Promoted the Politics of McCarthyism in the Cold War Years,Book review by David Robarge,https://www.cia.gov/resources/csi/studies-in-intelligence/volume-47-no-3/chasing-spies-how-the-fbi-failed-in-counterintelligence-but-promoted-the-politics-of-mccarthyism-in-the-cold-war-years/
598,R72FU927,PK98R9XC,"Codes, Ciphers and Spies: Tales of Military Intelligence in World War I",Book review by Chris Christensen,https://doi.org/10.1080/01611194.2016.1236631
599,4KSYLIAT,R9QFRVUS,Strategy and Intelligence: British Policy During the First World War,Book review by Hew Strachan,https://journals.sagepub.com/doi/abs/10.1177/096834450100800112
600,CHF7JQBN,PY3HC5MU,The Soviet Estimate: U.S. Intelligence Analysis & Russian Military Strength,Book review by Lawrence Freedman,https://academic.oup.com/ia/article-abstract/59/2/261/2405451
602,K2ZYLNCI,TJBM5C5Q,"Sharing Secrets with Stalin: How the Allies Traded Intelligence, 1941-1945",Book review by Evan Mawdsley,https://journals.sagepub.com/doi/abs/10.1177/096834459900600313
604,AG2TSSZB,RS97H7KH,"British Intelligence and the Japanese Challenge in Asia, 1914–1941",Book review by Frederick R. Dickinson,https://journals.sagepub.com/doi/abs/10.1177/096834450401100411
605,Z5RZSURK,YARKSUU5,The Rise and Fall of Intelligence: An International Security History,Book review by Hayden Peake,https://www.cia.gov/resources/csi/studies-in-intelligence/volume-59-no-1/the-rise-and-fall-of-intelligence-an-international-security-history/
606,I2YMFHC4,YARKSUU5,The Rise and Fall of Intelligence: An International Security History,Book review by Christopher Bailey,https://www.tandfonline.com/doi/full/10.1080/16161262.2015.1032494
607,RW5JWZNC,YARKSUU5,The Rise and Fall of Intelligence: An International Security History,Book review by Daniel S. Gressang,https://www.tandfonline.com/doi/full/10.1080/02684527.2014.990669
608,RZB34DRF,ZQLUFELK,"U.S. Navy Codebreakers, Linguists, and Intelligence Officers against Japan, 1910-1941: A Biographical Dictionary",Book review by Chris Christensen,https://doi.org/10.1080/01611194.2016.1236648
609,HH8VDR5H,9DDZ5RTY,Shattered Illusions: KGB Cold War Espionage in Canada,Book review by John Ehrman,https://www.cia.gov/resources/csi/studies-in-intelligence/volume-61-no-2/shattered-illusions-kgb-cold-war-espionage-in-canada/
610,V7SYS75C,9DDZ5RTY,Shattered Illusions: KGB Cold War Espionage in Canada,Book review by Colin Mccullough,https://www.tandfonline.com/doi/full/10.1080/02684527.2019.1665771
611,BWKXGPRK,XPW9XMD5,Communicating With Intelligence: Writing and Briefing in the Intelligence and National Security Communities,Book review by Michael J. Ard,https://www.cia.gov/resources/csi/studies-in-intelligence/studies-in-intelligence-67-no-2-extracts-june-2023/review-communicating-with-intelligence/
612,APPBF5YY,NRQP3M22,Secrets and Spies: UK Intelligence Accountability after Iraq and Snowden,Book review by Jason U. Manosevitz,https://www.cia.gov/resources/csi/studies-in-intelligence/volume-64-no-4/secrets-and-spies-uk-intelligence-accountability-after-iraq-and-snowden/
613,9WT4NXLJ,7G6VQZCA,Handbook of European Intelligence Cultures,Book review by Henry Prunckun,https://view.salusjournal.com/index.php/salusjournal/article/view/68
614,YQB7TWF6,7G6VQZCA,Handbook of European Intelligence Cultures,Book review by João Estevens,https://gsis.scholasticahq.com/article/27761-review-of-the-handbook-of-european-intelligence-cultures
615,667UHJ8V,4Y4I6BSB,"Strategic Intelligence: A Handbook for Practitioners, Managers, and Users, Revised Edition",Book review by Peter C. Oleson,https://www.cia.gov/resources/csi/studies-in-intelligence/volume-53-no-3/strategic-intelligence-a-handbook-for-practitioners-managers-and-users/
616,HH77EYP3,J2YZQ5EH,Top Secret Canada: Understanding the Canadian Intelligence and National Security Community,Book review by Joseph W. Gartin,https://www.cia.gov/resources/csi/studies-in-intelligence/volume-65-no-3-september-2021-special-issue/review-top-secret-canada-understanding-the-canadian-intelligence-and-national-security-community/
617,SRH2PIPY,J2YZQ5EH,Top Secret Canada: Understanding the Canadian Intelligence and National Security Community,Book review by Kurt F. Jensen,https://www.tandfonline.com/doi/full/10.1080/02684527.2021.1920492
618,YCFKP4RX,PTIVRQLB,Friend or Foe: Militia Intelligence and Ethnic Violence in the Lebanese Civil War,Book review by Lawrence E. Cline,https://doi.org/10.1080/09592318.2024.2379591
619,EUNUJJ8Z,D2PCZJYL,Democratization of Intelligence,Book review by Andrei A. Babadac,https://www.tandfonline.com/doi/full/10.1080/16161262.2017.1399683
620,GW4ZVMLJ,AE85IKHG,The Secret World: Behind the Curtain of British Intelligence in World War II and the Cold War,Book review by Ralph Erskine,https://www.tandfonline.com/doi/full/10.1080/02684527.2016.1176693
622,YCYJ8FGY,RV46P7ZX,The International Politics of Intelligence Sharing,Book review by J. B. Webb,https://www.cia.gov/resources/csi/studies-in-intelligence/volume-54-no-4/the-international-politics-of-intelligence-sharing/
623,7U2EFYIR,QJQGZPV9,Behind the Lawrence Legend: The Forgotten Few Who Shaped the Arab Revolt,Book review by Tariq Tell,https://doi.org/10.1080/19475020.2023.2298149
624,II34ZJLU,8BNR7MWM,SIGINT: the secret history of signals intelligence in the world wars,Book review by Chris Christensen,https://doi.org/10.1080/01611194.2016.1236637
625,D4JWS6LB,YSX4ELB8,"X, Y and Z: the real story of how Enigma was broken",Book review by Chris Christensen,https://doi.org/10.1080/01611194.2019.1623938
626,5LYHHCZG,YSX4ELB8,"X, Y and Z: the real story of how Enigma was broken",Book review by Ralph Erskine,https://www.tandfonline.com/doi/full/10.1080/02684527.2020.1734159
627,LJ2DJHNV,B43U466T,Alan Turing Decoded: Alan Turing decoded,Book review by Chris Christensen,https://doi.org/10.1080/01611194.2016.1236633
628,QETPUGA3,B43U466T,Alan Turing Decoded: Alan Turing decoded,Book review by David H. Hamer,https://doi.org/10.1080/01611194.2016.1236620
629,B66JZ8SZ,ZH3WGISD,Before Bletchley Park: the codebreakers of the First World War,Book review by Chris Christensen,https://doi.org/10.1080/01611194.2021.1949760
630,J59HIR8J,UEN7JB8N,The Sisterhood: the secret history of women at the CIA,Book review by Brent Geary and Linda Weissgold,https://www.cia.gov/resources/csi/studies-in-intelligence/studies-in-intelligence-68-no-1-extracts-march-2024/reviews-two-perspectives-on-the-sisterhood-the-secret-history-of-women-at-the-cia/
631,L73IEG4B,F57GED3G,A Clear Case of Genius: Room 40's Code-breaking Pioneer,Book review by Charles Stephenson,https://www.tandfonline.com/doi/full/10.1080/02684527.2021.1992585
632,NGUYFQZZ,ZI33UE66,What Stalin Knew: The Enigma of Barbarossa,Book review by Donald P. Steury,https://www.cia.gov/resources/csi/studies-in-intelligence/volume-50-no-1/what-stalin-knew-the-enigma-of-barbarossa/
633,597NB2V8,8BMVP746,Hitler's Generals in America: Nazi POWs and Allied Military Intelligence,Book review by Sönke Neitzel,https://journals.sagepub.com/doi/abs/10.1177/0968344515603919i
634,2IJSCWX3,WK3WY2SM,Agents of Influence: Britain's Secret Intelligence War Against the IRA,Book review by Josephy W. Gartin,https://www.cia.gov/resources/csi/studies-in-intelligence/volume-65-no-4-december-2021/review-agents-of-influence-britains-secret-intelligence-war-against-the-ira/
635,HF55WRWR,WK3WY2SM,Agents of Influence: Britain's Secret Intelligence War Against the IRA,Book review by Eleanor L. Williams,https://www.tandfonline.com/doi/full/10.1080/16161262.2021.1967656
636,C46GPW5N,NH6V3RXE,The First Enigma Codebreaker: Marian Rejewski Who Passed the Baton to Alan Turing,Book review by Chris Christensen,https://doi.org/10.1080/01611194.2023.2246470
637,G96J2A45,GCAPD9MG,OSS Operation Black Mail: One Woman's Covert War Against the Imperial Japanese Army,Book review by J. R. Seeger,https://www.cia.gov/resources/csi/studies-in-intelligence/volume-61-no-3/oss-operation-black-mail-one-womans-covert-war-against-the-imperial-japanese-army/
638,RB9STIZ3,TNI34U9W,Dorwart's History of the Office of Naval Intellige,Book review by David Belt,https://www.cia.gov/resources/csi/studies-in-intelligence/volume-64-no-1/dorwarts-history-of-the-office-of-naval-intelligence-1865-1945/
640,PSS27T3C,YVTFUACR,"Nazi Secret Warfare in Occupied Persia (Iran): The Failure of the German Intelligence Services, 1939-45",Book review by Iain Johnston-White,https://www.tandfonline.com/doi/full/10.1080/02684527.2017.1411235
641,IQJYTTNE,JCKTR7BF,"Haig's Intelligence: GHQ and the German Army, 1916–1918",Book review by John Hughes-Wilson,https://www.tandfonline.com/doi/full/10.1080/03071847.2014.912816
642,T2HHLX6M,JCKTR7BF,"Haig's Intelligence: GHQ and the German Army, 1916–1918",Book review by Gary Sheffield,https://journals.sagepub.com/doi/abs/10.1177/0968344515578045d
643,RDZVDZ6S,ITRJQ9XL,The President’s Kill List: Assassination and US Foreign Policy since 1945,Book review by Eleanor L. Williams,https://doi.org/10.1080/18335330.2025.2521556
644,TKVRESV2,QJPQY3WM,Agents of Subversion: The Fate of John T. Downey and the CIA's Covert War in China,Book review by Bianca Adair,https://www.cia.gov/resources/csi/studies-in-intelligence/studies-in-intelligence-67-no-4-extracts-december-2023/review-agents-of-subversion/
645,E2PD8UQZ,QJPQY3WM,Agents of Subversion: The Fate of John T. Downey and the CIA's Covert War in China,Book review by James Flynn,https://doi.org/10.1080/16161262.2023.2234757
646,7GZ398SI,JF6423HS,"The Big Three Allies and the European Resistance: Intelligence, Politics, and the Origins of the Cold War, 1939-1945",Book review by Eliot A. Cohen,https://doi.org/10.1162/JCWS.r.48
647,SWJNM4WE,JF6423HS,"The Big Three Allies and the European Resistance: Intelligence, Politics, and the Origins of the Cold War, 1939-1945",Book review by Donal O'Sullivan,https://doi.org/10.1093/ahr/rhaf304
648,8LC2XL9U,5TCPV249,See It/Shoot It: The Secret History of the CIA’s Lethal Drone Program,Book review by Ka-Hei Abby Ma,https://doi.org/10.1080/16161262.2023.2234745
649,NXQGU2RF,WQNBIZB9,The Listeners: A History of Wiretapping in the United States,Book review by Rhodri Jeffreys-Jones,https://doi.org/10.1093/jahist/jaad315
650,HY48WQU5,54XTGQUM,The Problem of Secret Intelligence,Book review by Mark Lowenthal,https://www.tandfonline.com/doi/full/10.1080/02684527.2019.1666454
651,THEPK4X5,FVPG8DHP,"Strategic Warning Intelligence: History, Challenges, and Prospects",Book review by Ryan Shaffer,https://www.cia.gov/resources/csi/studies-in-intelligence/volume-63-no-3/strategic-warning-intelligence-history-challenges-and-prospects/
652,HE2VCWMU,FVPG8DHP,"Strategic Warning Intelligence: History, Challenges, and Prospects",Book review by Roger George,https://www.tandfonline.com/doi/full/10.1080/02684527.2019.1603661
653,4EZPIYHZ,9268ECMS,The Third Option: Covert Action and American Foreign Policy,Book review by Kurt F. Jensen,https://www.tandfonline.com/doi/full/10.1080/02684527.2022.2088661
654,QVMIIB6K,9268ECMS,The Third Option: Covert Action and American Foreign Policy,Book review by Magda Long,https://www.tandfonline.com/doi/abs/10.1080/03932729.2023.2168412?journalCode=rspe20
655,CQPAQ9XP,236P6XFM,Confronting the Colonies: British Intelligence and Counterinsurgency,Book review by Ryan Shaffer,https://www.cia.gov/resources/csi/studies-in-intelligence/volume-58-no-3/confronting-the-colonies-british-intelligence-and-counterinsurgency-pdf-205-0kb/
656,XBQGTE4I,236P6XFM,Confronting the Colonies: British Intelligence and Counterinsurgency,Book review by Niccolò Petrelli,https://journals.sagepub.com/doi/abs/10.1177/0968344515621809k
657,NDZU68R4,236P6XFM,Confronting the Colonies: British Intelligence and Counterinsurgency,Book review by Richard English,https://www.tandfonline.com/doi/full/10.1080/02684527.2015.1100865
658,6ATDGPL5,236P6XFM,Confronting the Colonies: British Intelligence and Counterinsurgency,Book review by Tom Peel and Paul Sharpe,https://doi.org/10.1080/16161262.2015.1032498
659,5YVVXIN8,PZHM2TPX,African Intelligence Services: Early Postcolonial and Contemporary Challenges,Book review by M. Patrick Hendrix,https://doi.org/10.1017/asr.2024.111
660,MXM55J72,PZHM2TPX,African Intelligence Services: Early Postcolonial and Contemporary Challenges,Book review by Charles Long,https://www.cia.gov/resources/csi/studies-in-intelligence/volume-66-no-2-june-2022/review-african-intelligence-services-early-postcolonial-and-contemporary-challenges/
661,7W3RBN7S,PPF82GZS,Intelligence Elsewhere: Spies and Espionage Outside the Anglosphere,Book review by Charles Heard,https://www.cia.gov/resources/csi/studies-in-intelligence/volume-59-no-1/intelligence-elsewhere-spies-and-espionage-outside-the-anglosphere/
662,AWHQHDCA,PPF82GZS,Intelligence Elsewhere: Spies and Espionage Outside the Anglosphere,Book review by Ryan Shaffer,https://www.tandfonline.com/doi/full/10.1080/02684527.2017.1316578
663,CPBNCGQ2,HMBC2MLR,The Future of Intelligence: Challenges in the 21st century,Book review by Glen Segell,https://www.tandfonline.com/doi/full/10.1080/16161262.2019.1697537
664,MFXYDKQA,ZLPQVPKS,Improving Intelligence Analysis: Bridging the Gap between Scholarship and Practice,Book review by Jason U. Manosevitz,https://www.cia.gov/resources/csi/studies-in-intelligence/volume-56-no-4/three-recent-works-on-improving-intelligence-analysis-pdf-29-4kb/
665,ISXPXZKD,ZLPQVPKS,Improving Intelligence Analysis: Bridging the Gap between Scholarship and Practice,Book review by Matthew Crosston,https://www.tandfonline.com/doi/full/10.1080/16161262.2013.840138
666,CCC4HM8M,P9V2K4DT,Stars and Spies: The Astonishing History of Espionage and Show Business,Book review by Kenneth Lasoen,https://www.cia.gov/resources/csi/studies-in-intelligence/volume-66-no-1-march-2022/review-stars-and-spies-intelligence-operations-and-the-entertainment-business/
667,6GVC3N5D,JBVLQBAQ,"Espionage: Past, Present and Future?",Book review by Michael Donovan,https://journals.sagepub.com/doi/abs/10.1177/096834459700400406
668,8GB88639,YNG2X4JN,"Spinning Intelligence: Why Intelligence Needs the Media, why the Media Needs Intelligence",Book review by Mark Mansfield,https://www.cia.gov/resources/csi/studies-in-intelligence/volume-54-no-1/spinning-intelligence-why-intelligence-needs-the-media-why-the-media-needs-intelligence/
669,XVD4G4ZZ,YNG2X4JN,"Spinning Intelligence: Why Intelligence Needs the Media, why the Media Needs Intelligence",Book review by Joseph Wippl,https://www.tandfonline.com/doi/full/10.1080/02684527.2012.688332
670,DVTG7RMF,LRT2GSMD,Spy Chiefs: Volume 1: Intelligence Leaders in the United States and United Kingdom,Book review by Joseph W. Caddell,https://www.tandfonline.com/doi/full/10.1080/02684527.2018.1521772
671,HHAUTPRT,7UNQ6GPW,Secret Intelligence: A Reader,Book review by David P. Oakley,https://www.tandfonline.com/doi/full/10.1080/02684527.2019.1697554
672,CXQZ7ND9,TK68AHV8,Intelligence and International Security: New Perspectives and Agendas,Book review by Michael S. Goodman,https://www.tandfonline.com/doi/full/10.1080/02684527.2012.688320
673,MEVEVREZ,9RDTBVJP,Intelligence Cooperation and the War on Terror: Anglo-American Security Relations after 9/11,Book review by William Rosenau,https://www.tandfonline.com/doi/full/10.1080/02684527.2012.755045
675,B37RGIVA,ILFQXHRL,Best Truth: Intelligence in the Information Age,Book review by Richard L. Russell,https://www.cia.gov/resources/csi/studies-in-intelligence/studies-in-intelligence-winter-spring-2001/best-truth-intelligence-in-the-information-age/
676,N6NFUYKL,IYBKM4YR,Why intelligence fails: lessons from the Iranian Revolution and the Iraq War,Book review by Torrey Froscher,https://www.cia.gov/resources/csi/studies-in-intelligence/volume-54-no-3/why-intelligence-fails-lessons-from-the-iranian-revolution-and-the-iraq-war/
677,BC4A92YU,IYBKM4YR,Why intelligence fails: lessons from the Iranian Revolution and the Iraq War,Book review by Roger Z. George,https://www.tandfonline.com/doi/full/10.1080/02684527.2012.755041
678,KPIAG9JZ,EZYUBYMI,Russian Intelligence: A case-based study of Russian services and missions past and present,Book review by Ben de Jong,"https://securityanddefence.pl/Kevin-P-Riehle-2022-Russian-Intelligence-A-Case-Based-Study-of-Russian-Services-and,200264,0,2.html"
679,47KDYY69,9CMNCNXX,Women in Intelligence: The Hidden History of Two World Wars,Book review by Wylie W. Johnson,https://press.armywarcollege.edu/cgi/viewcontent.cgi?article=1130&context=parameters_bookshelf
680,JRDLDY7T,9CMNCNXX,Women in Intelligence: The Hidden History of Two World Wars,Book review by Ashleigh Percival-Borley,https://doi.org/10.1080/18335330.2025.2501679
682,RAJZTM5Z,QF7ZRCFC,Historical Dictionary of Chinese Intelligence,Book review by Peter Mattis,https://www.cia.gov/resources/csi/studies-in-intelligence/volume-56-no-4/historical-dictionary-of-chinese-intelligence-pdf-47-0kb/
683,DU88I7RZ,84WLTV9S,J. L. Austin: Philosopher and D-Day Intelligence Officer,Book review by Alex Moran,https://doi.org/10.1080/00048402.2025.2558097
684,P528HZFZ,DWJ3TQRV,"Loyalty First: The Life and Times of Charles A. Willoughby, MacArthur's Chief Intelligence Officer",Book review by Angela Gendron,https://doi.org/10.1080/08850607.2024.2322641
685,R9WUGAX4,DWJ3TQRV,"Loyalty First: The Life and Times of Charles A. Willoughby, MacArthur's Chief Intelligence Officer",Book review by Stephen C. Mercado,https://www.cia.gov/resources/csi/studies-in-intelligence/studies-in-intelligence-67-no-4-extracts-december-2023/review-loyalty-first/
686,I3SD2RM9,23W5584G,Mi̇lli̇ İsti̇hbarat Teşki̇latı (1826-2023) [National Intelligence Organization (1826-2023)],Book review by Gokhan Cinkara,https://doi.org/10.1080/02684527.2025.2466270
687,5IHKJKQS,7MXVJXD5,Spy Ships: One Hundred Years of Intelligence Collection by Ships and Submarines,Book review by Joel J. Sokolsky,https://doi.org/10.1177/08438714251331891
688,RX83HBGW,A8Z3CP7S,The Regulation of Intelligence Activities under International Law,Book review by Kurt F. Jensen,https://www.tandfonline.com/doi/full/10.1080/02684527.2023.2265637
689,QCQITPU8,NG2R2BI6,Personnel Management in Secret Service Organizations,Book review by Johan Matz,https://doi.org/10.1080/16161262.2024.2369763
690,IKJMH8WC,MKS5UFVQ,Spies: The Epic Intelligence War Between East and West,Book review by Jessi A. J. Gilchrist,https://doi.org/10.1093/ia/iiae085
691,PMUAX8FZ,MKS5UFVQ,Spies: The Epic Intelligence War Between East and West,Book review by Robert Schuett,https://doi.org/10.15203/4120.vol53.2024
692,DBVMFECU,MKS5UFVQ,Spies: The Epic Intelligence War Between East and West,Book review by John Ehrman,https://www.cia.gov/resources/csi/studies-in-intelligence/studies-in-intelligence-67-no-3-extracts-september-2023/review-spies/
693,6WY3MAR3,MKS5UFVQ,Spies: The Epic Intelligence War Between East and West,Book review by Daniel Lomas,https://www.tandfonline.com/doi/full/10.1080/03071847.2023.2248778
694,UYS24ZD8,DZ99MJ3N,Break in the Chain - Intelligence Ignored: Military Intelligence in Vietnam and Why the Easter Offensive Should Have Turned out Differently,Book review,https://www.tandfonline.com/doi/full/10.1080/08850607.2021.2015965?af=R
695,C4HBQ89A,KDWXR3PT,"The German Secret Field Police in Greece, 1941–1944",Book review by Alaric Searle,https://usir.salford.ac.uk/id/eprint/66781/1/Munoz%20JMSS%20(2023.pdf
696,Y8J5XIND,7C7I2NKY,Spying on the Reich: The Cold War Against Hitler,Book review by Michael Wala,https://doi.org/10.1515/hzhz-2026-1193
697,8V7P8FVS,7C7I2NKY,Spying on the Reich: The Cold War Against Hitler,Book review by Benno Nietzel,https://muse.jhu.edu/article/940209
698,U942EJPL,PDTTRLTC,World War I and the Foundations of American Intelligence,Book review by Jim Beach,https://doi.org/10.1080/19475020.2025.2503610
699,ULY8RRRX,PDTTRLTC,World War I and the Foundations of American Intelligence,Book review by Scott A. Moseman,https://www.cia.gov/resources/csi/static/260045845e98ed1c23f42d133d6efcd4/Review-WWI-and-Foundations-of-American-Intelligence-March-2025.pdf
700,LYY9668E,PDTTRLTC,World War I and the Foundations of American Intelligence,Book review by Francis X. Bergmeister,https://doi.org/10.1080/08850607.2024.2335188
701,NX8Z5IXW,PDTTRLTC,World War I and the Foundations of American Intelligence,Book review by Rhodri Jeffreys-Jones,https://doi.org/10.1080/02684527.2024.2311460
702,UJ6XWUTI,99LBNJGV,Intelligence Leadership and Governance: Building Effective Intelligence Communities in the 21st Century,Book review by Lewis Sage-Passant,https://www.tandfonline.com/doi/full/10.1080/02684527.2021.1920494
703,AINJC3EP,WJQ87T4I,Spying Through a Glass Darkly: The Ethics of Espionage and Counter-Intelligence,Book review by Youngjae Lee,https://doi.org/10.1093/analys/anad092
704,EE6QV4AF,WJQ87T4I,Spying Through a Glass Darkly: The Ethics of Espionage and Counter-Intelligence,Book review by Ryan Shaffer,https://doi.org/10.1080/01611194.2018.1435213
705,QENB5N2F,WJQ87T4I,Spying Through a Glass Darkly: The Ethics of Espionage and Counter-Intelligence,Book review by John Ehrman,https://www.cia.gov/resources/csi/studies-in-intelligence/volume-60-no-4/spying-through-a-glass-darkly-american-espionage-against-the-soviet-union-1945-1946/
706,5S9DDJE4,WJQ87T4I,Spying Through a Glass Darkly: The Ethics of Espionage and Counter-Intelligence,Book review by Joseph Gartin,https://www.cia.gov/resources/csi/studies-in-intelligence/studies-in-intelligence-67-no-1-extracts-march-2023/review-spying-through-a-glass-darkly-the-ethics-of-espionage-and-counter-intelligence/
707,CYUMY294,WJQ87T4I,Spying Through a Glass Darkly: The Ethics of Espionage and Counter-Intelligence,Book review by Michael Skerker,https://academic.oup.com/pq/advance-article/doi/10.1093/pq/pqad019/7070113
708,P3XR2978,68RD6Q5P,Neither Confirm nor Deny: How the Glomar Mission Shielded the CIA from Transparency,Book review by David Hadley,https://doi.org/10.1093/dh/dhae014
709,ZEUZUXX4,IEYX7934,The Handbook of Asian Intelligence Cultures,Book review by Owen Bennett-Jones,https://www.tandfonline.com/doi/full/10.1080/02684527.2023.2175490?af=R
710,9J8DTQW5,9DB6I2H7,The Future of National Intelligence: How Emerging Technologies Reshape Intelligence Communities,Book review by Carl Wege,https://www.tandfonline.com/doi/full/10.1080/08850607.2023.2170689?af=R
711,DXNIMK5Z,LFJTURF8,The Declassification Engine: what history reveals about America’s top secrets,Book review by Travis D. Stolz,https://www.cia.gov/resources/csi/studies-in-intelligence/studies-in-intelligence-67-no-2-extracts-june-2023/review-the-declassification-engine/
712,MS59SPV7,LFJTURF8,The Declassification Engine: what history reveals about America’s top secrets,Book review by Kurt F. Jensen,https://www.tandfonline.com/doi/full/10.1080/02684527.2023.2243103
713,KSED8QYH,IVQY48FN,The Assault on Intelligence: American National Intelligence in an age of lies,Book review by Georgi Asatryan,https://www.tandfonline.com/doi/full/10.1080/02684527.2021.2008119
714,CEKYFTTF,T7J9FRS2,Researching National Security Intelligence: Multidisciplinary Approaches,Book review by Aidan Kerr,https://www.tandfonline.com/doi/full/10.1080/02684527.2023.2170354?af=R
715,UZPBYRVU,7ZMLNUI3,Canadian Military Intelligence: Operations and Evolution from the October Crisis to the War in Afghanistan,Book review by Kurt Jensen,https://www.tandfonline.com/doi/full/10.1080/02684527.2023.2170449?af=R
716,US7M48AC,XBKLEQG2,A Question of Standing: The History of the CIA,Book review by Brent Geary,https://www.cia.gov/resources/csi/studies-in-intelligence/studies-in-intelligence-67-no-2-extracts-june-2023/review-a-question-of-standing/
717,MLLA5USP,XBKLEQG2,A Question of Standing: The History of the CIA,Book review by Rory Cormac,https://doi.org/10.1177/09683445231219535e
719,6J4JVAW2,UZKYF7PZ,Revealing Secrets: An unofficial history of Australian Signals intelligence and the advent of cyber,Book review by David McKnight,https://doi.org/10.1080/1031461X.2024.2330120
720,XN9LJCEE,GXSCC23U,Eavesdropping on the Emperor: Interrogators and Codebreakers in Britain's War With Japan,Book review by Chris Christensen,https://doi.org/10.1080/01611194.2022.2026839
721,2CXQDBYE,GXSCC23U,Eavesdropping on the Emperor: Interrogators and Codebreakers in Britain's War With Japan,Book review by Stephen C. Mercado,https://www.cia.gov/resources/csi/studies-in-intelligence/volume-66-no-1-march-2022/review-eavesdropping-on-the-emperor-interrogators-and-codebreakers-in-britains-war-with-japan/
722,87X8V2SZ,BK8AZJ7L,Intelligence and espionage in the English Republic c. 1600–60,Book review by Hogr Tarkhani,https://doi.org/10.1080/16161262.2024.2376320
723,IS88XYT8,BK8AZJ7L,Intelligence and espionage in the English Republic c. 1600–60,Book review by Alex Beeton,https://brill.com/view/journals/jemh/28/3/article-p256_5.xml
724,QMTBB6LA,D69D8RCC,World War I and the Origins of U.S. Military Intelligence,Book review by Betsy R. Smoot,https://doi.org/10.1080/01611194.2014.885806
725,YSI2SIYZ,D69D8RCC,World War I and the Origins of U.S. Military Intelligence,Book review by Terrence J. Finnegan,https://www.cia.gov/resources/csi/studies-in-intelligence/volume-57-no-1/world-war-i-and-the-origins-of-u-s-military-intelligence-pdf-24-7kb/
726,UPRFIFDE,D69D8RCC,World War I and the Origins of U.S. Military Intelligence,Book review by Mark Stout,https://www.tandfonline.com/doi/full/10.1080/16161262.2013.779863
727,ZAA9FP49,77G4AU82,The Real Special Relationship: The True Story of How the British and US Secret Services Work Together,Book review by David V. Gioe,https://link.springer.com/article/10.1007/s12115-023-00835-y
728,63UTXPL5,77G4AU82,The Real Special Relationship: The True Story of How the British and US Secret Services Work Together,Book review by Chris Smith,https://www.tandfonline.com/doi/abs/10.1080/16161262.2023.2213570?journalCode=rjih20
729,HWW95URB,77G4AU82,The Real Special Relationship: The True Story of How the British and US Secret Services Work Together,Book review by Srdjan Vucetic,https://www.tandfonline.com/doi/full/10.1080/02684527.2022.2164604?af=R
730,SHRIJ2EV,GFVFQ65P,Female Intelligence: Women and Espionage in the First World War,Book review by Juliette Pattinson,https://academic.oup.com/tcbh/article/17/1/119/1648239
731,I8GTZIKQ,744JWZVT,The COVID-19 Intelligence Failure: Why warning was not enough?,Book review by Nikki Ikani,https://doi.org/10.1093/psquar/qqae025
734,J4YHRXI9,DFY7S7S2,India’s Intelligence Culture and Strategic Surprises: Spying for South Block,Book review by Ryan Shaffer,https://www.tandfonline.com/doi/full/10.1080/02684527.2022.2145054?af=R
735,EFLZ36VI,J8X5BWPQ,Controlling Intelligence,Book review by Geoffrey R. Weiler,https://journals.lib.unb.ca/index.php/JCS/article/view/15073
736,6B3ZQ24I,3DDVG98Q,KGB Lexicon: The Soviet Intelligence Officers Handbook,Book review by Harold V. Cordry,https://journals.lib.unb.ca/index.php/JCS/article/view/407
737,DHSGKAHB,ZXDVJ2DL,The Missing Dimension: Governments and Intelligence Communities in the Twentieth Century,Book review by David Stafford,https://journals.lib.unb.ca/index.php/JCS/article/view/14706
738,BEEJZ3BR,N3JCBJIC,Fool Me Twice: Intelligence Failure and Mass Casualty Terrorism,Book review by Karin Johnsrud,https://www.cambridge.org/core/journals/international-journal-of-legal-information/article/abs/fool-me-twice-intelligence-failure-and-mass-casualty-terrorism-by-thomas-e-copeland-leiden-boston-martinus-nijhoff-publishers-2007-pp-xxv-292-isbn-9789004158450-7500-us8300/35F53783F027787FB6AE9389176EE516
739,I22SQ8U4,K5Z75LLT,Secret Alliances: Special Operations and Intelligence in Norway 1940–1945,Book review by Gill Bennett,https://www.tandfonline.com/doi/full/10.1080/03071847.2020.1765509
740,MEDMEJZA,K5Z75LLT,Secret Alliances: Special Operations and Intelligence in Norway 1940–1945,Book review by Kurt F. Jensen,https://www.tandfonline.com/doi/full/10.1080/02684527.2022.2164602?af=R
741,LWQB5ZJP,CYPNZ346,Fixing the Facts: National Security and the Politics of Intelligence,Book review by Rose McDermott,https://www.tandfonline.com/doi/full/10.1080/02684527.2013.765695
742,NU4GM4SB,G567UVCC,Spying and the Crown: The Secret Relationship Between British Intelligence and the Royals,Book review by Robert Dover,https://doi.org/10.1093/ia/iiae087
743,2DZBUTP5,G567UVCC,Spying and the Crown: The Secret Relationship Between British Intelligence and the Royals,Book review by Kurt F. Jensen,https://www.tandfonline.com/toc/fint20/38/6?nav=tocList
745,K2Q8JGF7,FHQEEXDH,Estimative Intelligence in European Foreign Policymaking: Learning Lessons from an Era of Surprise,Book review by Antonio M. Díaz-Fernández,https://www.tandfonline.com/doi/full/10.1080/02684527.2023.2269517
746,9M334YHS,FHQEEXDH,Estimative Intelligence in European Foreign Policymaking: Learning Lessons from an Era of Surprise,Book review by Lucia Frigo,https://www.tandfonline.com/doi/full/10.1080/16161262.2024.2311473
747,8LP4A4PU,JXKHIUAG,Asian American Spies: How Asian Americans Helped Win the Allied Victory,Book review by Meredith Oyen,https://academic.oup.com/jah/article/109/3/697/6895621
748,KGC7QFFR,7GAPCKI8,Cold War Frequencies: CIA Clandestine Radio Broadcasting to the Soviet Union and Eastern Europe,Book review by Nicholas Cull,https://direct.mit.edu/jcws/article-abstract/24/4/231/114200/Cold-War-Frequencies-CIA-Clandestine-Radio
753,Y8NPU8KW,LG5IH8H2,Intelligence: From Secrets to Policy,Book review by Maria A. Robson,https://www.tandfonline.com/doi/full/10.1080/02684527.2021.1894670
754,VHTAK4V4,G66XWV8D,How to Stage a Coup: and ten other lessons from the world of secret statecraft,Book review by Dan Lomas,https://www.tandfonline.com/doi/full/10.1080/02684527.2022.2098549?af=R
755,LFV92ZDF,BGVJ2AFF,The Academic-Practitioner Divide in Intelligence Studies,Book review by Andre Slonopas,https://gsis.scholasticahq.com/article/74180-book-review-the-academic-practitioner-divide-in-intelligence-studies
756,VKL4ZLCG,BGVJ2AFF,The Academic-Practitioner Divide in Intelligence Studies,Book review by Greg Fyffe,https://www.tandfonline.com/doi/full/10.1080/02684527.2022.2101779?af=R
757,D3J9M5BR,PHUZCWCA,Security Empire: The Secret Police in Communist Eastern Europe,Book review by Daniela Richterova,https://www.tandfonline.com/doi/full/10.1080/16161262.2021.2018821?af=R
758,622PPH5S,PAGNBW3C,God's Spies: The Stasi's Cold War Espionage Campaign Inside the Church,Book review by Gill Bennett,https://www.tandfonline.com/doi/full/10.1080/03071847.2020.1731152
759,A4FSU5KS,PAGNBW3C,God's Spies: The Stasi's Cold War Espionage Campaign Inside the Church,Book review,https://muse.jhu.edu/article/794253
760,CDT7X3YX,TPINBNY4,Hitler's Spy Against Churchill,Book review,https://www.tandfonline.com/doi/full/10.1080/08850607.2022.2124776?af=R
761,ZCGBDCZC,V4YW4VTK,We Never Expected That: A Comparative Study of Failures in National and Business Intelligence,Book review,https://www.tandfonline.com/doi/full/10.1080/02684527.2022.2136056?af=R
762,2A9XH5QN,6JCUZWZX,The Recruiter: Spying and the Lost Art of American Intelligence,Book review by Kenneth Lasoen,https://www.tandfonline.com/doi/full/10.1080/02684527.2021.2002337?af=R
763,EQMU3A5G,K8FLQA65,The Bridge in the Parks: The Five Eyes and Cold War Counter-Intelligence,Book review by Kurt F. Jensen,https://www.tandfonline.com/doi/full/10.1080/02684527.2021.2000136?af=R
764,XDHEAKFD,B78HQEXX,"Spies, Lies, and Algorithms: The History and Future of American Intelligence",Book review by Will Fripp,https://doi.org/10.1080/02684527.2024.2370135
765,H6LRWRCW,B78HQEXX,"Spies, Lies, and Algorithms: The History and Future of American Intelligence",Book review by Bowman H. Miller,https://www.tandfonline.com/doi/full/10.1080/08850607.2022.2082779?af=R
767,BQ49HKE3,8GURKV4L,A Research Agenda for Intelligence Studies and Government,Book review by Ran Yi,https://doi.org/10.1080/14751798.2024.2326733
768,FP9TASAX,G6BZAJSB,British Naval Intelligence through the Twentieth Century,Book review by Charles Stephenson,https://www.tandfonline.com/doi/full/10.1080/02684527.2021.1986247
769,BNDBBAS6,N38NKHPA,"The CIA and the Pursuit of Security: History, Documents and Contexts",Book review,https://www.tandfonline.com/doi/full/10.1080/08850607.2020.1807267
770,X7LZC3JW,PKWQJG8F,Intelligence Power in Practice,Book review by Dennis Molinaro,https://www.tandfonline.com/doi/full/10.1080/02684527.2023.2229157
771,C7BZ2SY3,PKWQJG8F,Intelligence Power in Practice,Book review by Paul Rimmer,https://www.tandfonline.com/doi/full/10.1080/02684527.2023.2180757?af=R
772,AYBF3LRK,PKWQJG8F,Intelligence Power in Practice,Book review by Dan Lomas,https://doi.org/10.1080/09592296.2022.2143127
775,GJ8N6GEN,3USXITP5,"Ethics and the Future of Spying: Technology, National Security and Intelligence Collection",Book review Philip C. Shackelford,https://www.tandfonline.com/doi/full/10.1080/16161262.2017.1399684
776,6LTE33AH,IDFPVNDV,"The Egyptian Intelligence Service: A History of the Mukhabarat, 1910-2009",Book review by Ryan Shaffer,https://www.tandfonline.com/doi/full/10.1080/16161262.2018.1537034
777,VCFPLI7C,54PGGXYU,"Marianne Is Watching: Intelligence, Counterintelligence, and the Origins of the French Surveillance State",Book review by John Ehrman,https://www.cia.gov/resources/csi/studies-in-intelligence/studies-in-intelligence-67-no-3-extracts-september-2023/review-marianne-is-watching/
778,EFT9FDLN,4CBNHWV6,Health Security Intelligence,"Book review by Albert, Defta Danendra, Rasyiq A. Buamona",https://doi.org/10.1080/02684527.2025.2490352
779,NESFR7D5,4CBNHWV6,Health Security Intelligence,Book review by Albert | Defta Danendra | Rasyiq Arif Buamona,https://doi.org/10.1080/02684527.2025.2490352
787,ZTILAXPX,N6XSKB42,The Defence of the Realm: The Authorized History of MI5,Book review by John Ehrman,https://www.cia.gov/resources/csi/studies-in-intelligence/volume-54-no-1/defend-the-realm-the-authorized-history-of-mi5/
788,UFV4XKIB,DBNS82RW,Shooting the Front: Allied Aerial Reconnaissance and Photographic Interpretation on the Western Front -- World War I,Book review by Thomas Boghardt,https://www.cia.gov/resources/csi/studies-in-intelligence/volume-51-no-4/vol-51-no-4-shooting-the-front-allied-aerial-reconnaissance-and-photographic-interpretation-on-the-western-front-world-war-i/
791,CK2TKC4K,AKZZL3YZ,GCHQ: the Uncensored History of Britain’s Most Secret Intelligence Agency,Book review by Anthony Glees,https://doi.org/10.1080/01611194.2011.595624
794,4D7NZ5E7,7VNZ2J7I,Intelligence success and failure: the human factor,Book review by Kristian Gustafson,https://doi.org/10.1093/ia/iiz009
796,UI2N8D7D,BDN9YDL7,"Turkish Intelligence and the Cold War: The Turkish Secret Service, the US and the UK",Book review Hayden Peake,https://www.cia.gov/static/4b135ae3a73fab210b979cea5456fcae/Intel-Officer-Bookshelf-Mar-2020.pdf
797,7GGYUJWF,BDN9YDL7,"Turkish Intelligence and the Cold War: The Turkish Secret Service, the US and the UK",Book review Şevki Kıralp,https://doi.org/10.1080/00263206.2021.1891045
798,J25UFETU,BDN9YDL7,"Turkish Intelligence and the Cold War: The Turkish Secret Service, the US and the UK",Book review by Stéphane Lefebvre,https://www.tandfonline.com/doi/full/10.1080/02684527.2021.1964261?af=R
799,DYI2U9PB,XDSWQFWV,Defence Intelligence and the Cold War: Britain's Joint Intelligence Bureau 1945-1964,Book review by Ryan Shaffer,https://www.cia.gov/resources/csi/studies-in-intelligence/volume-59-no-4/defence-intelligence-and-the-cold-war-britains-joint-intelligence-bureau-1945-1964/
800,H8D5LCA6,XDSWQFWV,Defence Intelligence and the Cold War: Britain's Joint Intelligence Bureau 1945-1964,Book review by Rory Cormac,https://reviews.history.ac.uk/review/1784#f1
801,48TQP2VX,XDSWQFWV,Defence Intelligence and the Cold War: Britain's Joint Intelligence Bureau 1945-1964,Book review by Timothy A. Sayle,https://www.tandfonline.com/doi/full/10.1080/16161262.2017.1399682
802,RZZP2ZVN,XDSWQFWV,Defence Intelligence and the Cold War: Britain's Joint Intelligence Bureau 1945-1964,Book review by Colin Atkinson,https://www.tandfonline.com/doi/full/10.1080/02684527.2015.1018011
803,FM8NJ894,NVUZFN5A,Special Duty: A History of the Japanese Intelligence Community,Book review by Kurt F. Jensen,https://www.tandfonline.com/doi/full/10.1080/02684527.2020.1813482
804,6BM4ZICD,NVUZFN5A,Special Duty: A History of the Japanese Intelligence Community,Book review by Joel Campbell,https://academic.oup.com/ia/article/97/3/914/6270665?login=true
805,KCJH3ITA,PQA7PXGS,Intelligence Analysis and Policy Making: The Canadian Experience,Book review by Joseph W. Gartin,https://www.cia.gov/resources/csi/studies-in-intelligence/volume-66-no-1-march-2022/review-intelligence-analysis-and-policy-making-the-canadian-experience/
807,X8JQJV5P,6LPFUDYX,"Behind the Enigma: The Authorised History of GCHQ, Britain’s Secret Cyber-Intelligence Agency",Book review by Philip Marks,https://doi.org/10.1080/01611194.2022.2156311
808,KMGLT9ZI,6LPFUDYX,"Behind the Enigma: The Authorised History of GCHQ, Britain’s Secret Cyber-Intelligence Agency",Book review by Jessica Garrett-Harsch,https://www.cia.gov/resources/csi/studies-in-intelligence/volume-65-no-1-march-2021/review-behind-the-enigma-the-authorized-history-of-gchq-britains-secret-cyber-intelligence-agency/
809,UGZHMYN9,6LPFUDYX,"Behind the Enigma: The Authorised History of GCHQ, Britain’s Secret Cyber-Intelligence Agency",Book review by Trevor Bedeman,https://www.tandfonline.com/doi/full/10.1080/03071847.2021.1968619
810,8AFBTZ7L,6LPFUDYX,"Behind the Enigma: The Authorised History of GCHQ, Britain’s Secret Cyber-Intelligence Agency",Book review by Christopher Smith,https://www.tandfonline.com/doi/full/10.1080/16161262.2021.2019383
815,LJ345P95,7PSEZC62,The Secret World: A History of Intelligence,Book review by John F. Dooley,https://doi.org/10.1080/01611194.2019.1706210
816,TZXVDRQC,7PSEZC62,The Secret World: A History of Intelligence,Book review by Leslie C.,https://www.cia.gov/resources/csi/studies-in-intelligence/volume-62-no-4/the-secret-world-a-history-of-intelligence/
817,RCSW76ZX,7PSEZC62,The Secret World: A History of Intelligence,Book review by Neil Kent,https://www.tandfonline.com/doi/full/10.1080/03071847.2019.1605039
820,3747L5ZX,M3YY9MRW,Codebreaker In The Far East,Book review by Michael Donovan,https://journals.sagepub.com/doi/abs/10.1177/096834459700400406
823,7MJL25YL,QUKU2EWV,Japanese Intelligence in World War II,Book review by Stephen C. Mercado,https://www.cia.gov/resources/csi/studies-in-intelligence/volume-54-no-1/japanese-intelligence-in-world-war-ii-and-nihongun-no-interijensu-naze-joho-ga-ikasarenai-no-ka-japanese-military-intelligence-why-is-intelligence-not-used/
825,9HL88GXL,ULJNH7I7,"Plotting for Peace: American Peacemakers, British Codebreakers, and Britain at War, 1914–1917",Book review by Kurt Jensen,https://www.tandfonline.com/doi/full/10.1080/02684527.2022.2102959?af=R
826,6QZ36ECH,ULJNH7I7,"Plotting for Peace: American Peacemakers, British Codebreakers, and Britain at War, 1914–1917",Book review by Richard Dunley,https://journals.sagepub.com/doi/full/10.1177/09683445221130401c
827,PZP25HVF,A7UYE6WC,Spying for Wellington: British Military Intelligence in the Peninsular War,Book review by Hayley Fenton,https://www.jstor.org/stable/26939910
828,J5WRC9US,A7UYE6WC,Spying for Wellington: British Military Intelligence in the Peninsular War,Book review by George P. Lewis,https://www.cia.gov/resources/csi/studies-in-intelligence/volume-65-no-2-june-2021/spying-for-wellington-british-military-intelligence-in-the-peninsular-war/
831,WXD3PCP8,JMYRLFH9,The Intelligence War against the IRA,Book review by Samantha Newberry,https://www.tandfonline.com/doi/full/10.1080/02684527.2020.1790130
832,YFNCIEJD,JMYRLFH9,The Intelligence War against the IRA,Book review (Irish Political Studies),https://doi.org/10.1080/07907184.2021.1918366
837,PAJCGBQP,UJLRP3QL,Spies in Uniform: British Military & Naval Intelligence on the Eve of the First World War,Book review by Keith Neilson,https://journals.sagepub.com/doi/abs/10.1177/09683445070140040502
839,2XQ97F7K,PJB5IC9Z,Intelligence and Government in Britain and the United States Vol. 1: Evolution of the U.S. Intelligence Community,Book review by Stéphane Lefebvre,https://www.tandfonline.com/doi/full/10.1080/02684527.2013.786607
840,9PRNEL6V,Q9BNRNLJ,Intelligence and Government in Britain and the United States Vol. 2: Evolution of the UK Intelligence Community,Book review by Stéphane Lefebvre,https://www.tandfonline.com/doi/full/10.1080/02684527.2013.786607
